origem,n_resid,mean_resid,autocorr_lag1,ljungbox_p_lag6,ljungbox_p_lag12,resid_mes_01,resid_mes_02,resid_mes_03,resid_mes_04,resid_mes_05,resid_mes_06,resid_mes_07,resid_mes_08,resid_mes_09,resid_mes_10,resid_mes_11,resid_mes_12
1995-12,177,15.292199506615981,0.4484171957082799,1.501648665253156e-14,4.915470135224821e-13,-1.8322699748600704,45.71401349004155,17.129890216922178,28.76153728952056,22.37469750877081,4.87883252511885,2.7360026407862805,-5.138994338814822,2.8286985185293787,2.9272697168250335,29.516049829364327,34.6196690046714
1996-03,180,16.280777145621375,0.4400398008310149,2.120116065911917e-14,6.699221644212862e-13,1.0647993014188368,45.44571296182262,23.596163074943153,28.69848902074812,22.637400005821274,5.008793603182514,3.392771211298691,-4.888900927327134,3.5120536998481904,3.1083889428222204,29.45478230759905,34.33887254527899
1996-06,183,16.521472622967778,0.42809555213305345,4.38138808873522e-14,1.5474264527651185e-12,0.38728410266418983,45.70899326924166,24.065975887157936,33.72109280911366,22.926261284539265,1.1645244677771809,3.8996040208758873,-5.2345312667978545,4.694187481200596,2.911284036947306,29.66336055477832,33.79980411528012
1996-09,186,15.603517911273075,0.4263122285690865,4.902828538909805e-14,2.2682748234382656e-12,-0.13708913392345798,45.80422428579254,24.410396224666922,33.21278423567104,22.933778488676573,0.7752279871178138,3.240968997626596,-8.375385766482772,2.0397343124147174,2.648741099284431,29.684419694239473,33.65734779103404
1996-12,189,14.840566666032416,0.42456471075968266,5.871515920357174e-14,4.361282787564198e-12,-1.3744145209248775,46.285801260261756,23.62695206859815,34.24670801179557,21.904133025999187,2.0370355660607715,2.0952875746852477,-7.3710441530225275,0.9759293924174681,3.804907614154507,28.99739052556918,24.359153552409452
1997-03,192,12.179054151237002,0.2924310796352301,7.662401056568498e-06,0.00017978390783702082,-2.4374927607890733,25.72891551319346,28.445114587242802,27.212090460781564,19.41571550115337,3.861694556279579,-0.4791922725382145,-6.31503137845198,-0.6886056203083282,4.49094729571148,22.32298611507747,24.591507817491895
1997-06,195,12.238525417836046,0.28718880054378365,7.041254986945073e-06,0.00016931975313971303,-2.6183145778455295,25.76325646568855,27.762896534270155,28.405055214674054,18.843882585628602,3.8419073463704945,-0.07688645751996148,-6.098793537469805,-0.46585672589151983,4.464471522221165,22.095103914487638,24.04712842359592
1997-09,198,12.122329157237884,0.2742225955895644,2.4025715850610005e-05,0.0005185081090413522,-3.026593866320452,25.057727188812464,27.396838799940937,27.987754632211864,18.59993819106474,3.8826130990601126,1.118478781640245,-3.564267221754929,-0.5276796625347687,4.7059459464925775,21.814422404191273,23.600092664284322
1997-12,201,11.791578053500121,0.2791692297112549,1.0419313043451585e-05,0.00021811430001363892,-2.972613027025311,25.2212260367859,27.27143313614476,28.080118903129033,18.647179542132573,3.913550602149859,1.1029605094563524,-3.6077150530551916,-0.5421323198631073,4.486139517485162,18.92054993044682,21.810316039826663
1998-03,204,13.79355863166723,0.38748646288161587,1.7549927121486253e-12,1.972212471012531e-10,8.320994678991108,23.15298723033199,24.357795119691104,32.18607330266579,21.550561598725206,5.3726367485553395,3.093057781525433,-2.7506168723524063,0.17954910014604208,4.777807314257837,21.71878897508021,23.56306860238909
1998-06,207,10.539024857915704,0.23073961452292907,0.0007285291457647046,0.010969091067632603,3.408724550796346,14.467624486474923,21.822504109691543,19.83451598698848,18.816597793279968,4.621139965824667,2.1417700903677677,-2.602556986220163,0.13825969288253492,4.872200256363617,17.902757285283542,20.359162288411337
1998-09,210,11.231960098564487,0.29044617343065926,1.8699352169627823e-06,7.402831870736782e-05,4.8048394725998,17.338760748653435,23.730878112940392,21.345995634386462,20.01124321660739,5.597647041192469,2.5815362503643433,-2.8249819366525646,-2.2633518546566287,4.928561237192696,19.014214737116877,21.867806301861275
1998-12,213,8.037828171690094,0.22511216380772064,0.0006057515903744681,0.009033100859347243,3.327983744728857,14.658995926578102,21.414768578388134,18.89093298881135,17.628417727037192,3.6162779028376693,1.2043291513134902,-3.401296609760603,-2.891329534262075,-1.7227370682402912,13.062453051443123,11.514490186663117
1999-03,216,9.987981991848777,0.27792183023095596,6.0798059422062936e-06,0.0002206348064645342,5.151845126755521,15.495925477709811,29.411854659973024,20.845983475722143,19.483608222263932,4.990721934469588,2.470090174157752,-2.436293033292355,-1.7217047533521135,-0.9737973549281465,13.873156160723225,13.26439381198295
1999-06,219,9.959767910527999,0.28270033123880733,2.4829274590822505e-06,0.00010156342327483913,5.439569046158419,15.713637131427788,29.573941654191596,17.812141609597646,21.516888611990844,4.001855515361956,2.447393749863775,-2.3370284934034014,-1.8608972791636802,-0.961112660867077,14.003384387443234,13.420131542325642
1999-09,222,9.250888695774524,0.2777811501989476,4.226201492506237e-06,0.00011400427640129268,5.589853273946566,15.554639774413921,29.28280077378385,17.642081847652896,21.37547907406951,3.8727802969104816,0.07383088091459686,-4.21863943482916,-3.244576900483685,-1.026577462573143,14.02342723541092,13.19691923510044
1999-12,225,8.71233829933172,0.2789355964089938,2.258537552574674e-06,6.599594377645709e-05,6.203602662331728,15.584584881815342,29.05161539587921,17.522346287991127,21.11703644093497,3.7634783798404423,-0.016643483291291335,-4.068848918355959,-3.251571362533624,-3.248168526271782,10.159727060871793,13.031047511822946
2000-03,228,8.891675713108665,0.2759338730446163,3.0917953627448364e-06,7.762074077613067e-05,8.561832053382329,17.667169315646323,24.285850754124144,17.658205152811007,21.53036403318649,3.9114690303620736,0.22627002415411523,-4.124227097621333,-3.0711109142111708,-3.4598752260225267,10.21544336185729,13.298718069635228
2000-06,231,10.748158713496958,0.36517005086319687,1.6717927945593634e-12,1.0506210793631648e-10,10.084726442279365,22.459014889352787,25.351114095216708,25.39554920359789,22.916710364280426,4.14320228720097,1.402592533322966,-3.8154987758292256,-3.129240677627724,-3.4056770175150963,11.581542058154637,14.93013306928826
2000-09,234,9.289651256837768,0.29633222516632296,2.566971650877252e-07,7.356014165780853e-06,8.669714489110602,18.036074419035625,24.78782263177577,23.0899746265016,20.940052282800053,3.174947150279897,0.5799383065391451,-4.976342208456057,-2.1996034890403817,-3.4922570502573067,10.069541074953682,13.592212894726488
2000-12,237,8.281823514479765,0.27468570165583905,1.7624742219645707e-06,4.6533391898570856e-05,8.817749108267686,17.640837385079042,23.921069970149034,22.48580649774278,20.188946313011296,2.4753244073329,0.2029243482165885,-5.06319980487291,-2.5119688051774878,-7.997209797842385,6.857333708511621,13.640978139341845
2001-03,240,8.106238361436096,0.26376273984265663,8.553409594217092e-06,0.00020256037517838775,4.4045093081287705,18.200452907962255,24.533296959059246,22.486057163073827,20.091547010474024,2.474592141657319,0.15871204578984574,-5.040729188954158,-2.2695372757892356,-7.822258588188464,6.431504561727624,13.6267132922921
2001-06,243,7.835122044208899,0.25644726152372704,1.1975486814962925e-05,0.00026152201277004206,4.185038567723121,18.02476728235547,24.384537097061326,20.202838338697454,18.858738287755504,2.8615291692446228,0.1095372385442408,-5.134933523379955,-2.296409131310782,-7.948637253779251,6.353887235719283,13.49968423872221
2001-09,246,7.871463469374236,0.2693141532531208,2.2864198262226405e-06,5.3655522076159736e-05,4.468829884612241,18.668999019748295,24.85882727526205,20.64233805303474,19.380870600851,3.331614036147743,0.28388969077252296,-5.333686819118516,-3.830352934122424,-7.7506330843066396,6.576208779531416,13.79836253951242
2001-12,249,8.123603595148492,0.26922507867630996,1.0070655972129084e-06,2.6757021722128963e-05,4.761989575648603,19.624888682310957,25.562168144855573,21.06308786671027,19.888553034141786,3.7788417011964737,0.9114932866705039,-4.894861737712368,-3.0665835271280444,-8.147922877798537,7.327571247350041,11.892028965411361
2002-03,252,7.561462069276887,0.25500220503158877,7.824721321529242e-06,0.00015350572283933414,8.348748411235087,12.97809605770747,21.393885594032753,21.087779908576184,19.733130880622888,3.5396932422940117,0.7435235601963088,-4.940567845177394,-2.8462957923750816,-8.122528948495106,6.868333848734083,11.953745913971442
2002-06,255,7.788210858212316,0.2589346287272911,4.325395229538239e-06,9.283963505804555e-05,8.461961052121184,13.201021372019786,21.500281907409587,20.775922905339176,20.93609724308071,3.797037742378464,0.820012276335004,-4.952538664855381,-2.900830960600475,-8.186763382646621,6.921952693888498,12.029879670451129
2002-09,258,7.719500334695639,0.2593123658643888,3.064420588143692e-06,6.667595274220061e-05,8.506827247177208,13.273190487520392,21.474956567210832,20.774349920194343,20.92879661809759,3.805118107932232,0.7335878889041438,-4.559508619988406,-2.7727646502370575,-8.184356280784598,6.973441811515776,12.033099335151453
2002-12,261,7.395490028433083,0.2605135183408591,2.3131845580201207e-06,4.5758108600569304e-05,8.549837864878217,13.363405043773886,21.45903903420419,20.786693318133445,20.990399397340436,3.895049964567524,0.8606913964248784,-4.492704195312211,-2.7142411115305776,-10.805527953260752,5.667665050946883,12.148563979101853
2003-03,264,7.579839155372331,0.24548271600341218,1.4885284590634953e-05,0.0002309522888195328,5.740275631599174,18.29924925963435,20.747411401540692,20.999193076678583,21.010622581639662,3.6068465912425896,0.4338117625734004,-4.620498479685728,-2.6652590930040585,-10.746011009798481,5.615448756161041,12.536979385886752
2003-06,267,7.020329902764136,0.24717176746504263,1.0775338948457119e-05,0.00015251857624937543,5.392277133872668,17.84760579851864,20.411668904154347,20.69817445794795,19.26665337386692,2.5686933793790776,-0.1532383786764363,-5.2039618359908495,-3.410403300810876,-11.416827593730474,5.154960241803142,12.112332493612733
2003-09,270,6.947037449434451,0.2581203153035097,2.1293971541445906e-06,3.437600087614799e-05,5.413462240756058,18.208736876768604,20.61304392426013,20.822115838627134,19.464672977996084,2.694612828564585,-0.8635467816877724,-4.301421888640644,-4.295073811449881,-11.49333695183121,5.199405727272344,12.27272684590511
2003-12,273,6.0909565786289015,0.24449792509013557,9.844090735107473e-06,0.00016378584315978733,5.2547247516633036,17.70954796631713,20.298596467963197,20.43353582817273,18.971116461189563,2.348644662117383,-0.9581605281232027,-4.194747199369901,-4.143913524679527,-13.24616050541854,3.4383720960487865,8.266444182885767
2004-03,276,7.020062013058499,0.2375788102347701,2.228496510834116e-05,0.0003209413289281993,9.460461478685229,24.26587028776351,21.02844298745566,20.198320009079765,18.56233793251506,2.05429700579006,-1.094561279311083,-4.389212854935168,-4.371427446629374,-13.251237884962393,3.762111106933948,8.015342814316757
2004-06,279,6.797599353497078,0.24544907206184147,8.694272985506379e-06,0.0001225241916939496,9.504483797927117,24.589873669740996,21.141605471680222,18.139918578048242,16.9919518000588,2.070259330921731,-0.9995740750351858,-4.469837854833741,-4.497150722084579,-13.404016888444835,3.8026769543813765,7.9701616731466185
2004-09,282,6.716570082577282,0.24481614465787138,7.617194527525007e-06,0.00010882030194066831,9.483706653128957,24.576132824784935,21.141687697167377,18.182305601010558,17.02981790532574,2.1170129660180597,-0.46858869500113504,-3.9587945246346963,-5.2106962784048045,-13.427052473797358,3.7748335823526307,7.9066654512879815
2004-12,285,6.337693181727229,0.24327687479649637,7.96786366878267e-06,0.0001413578520388531,9.591990021505293,24.540780215868445,20.97732487737354,18.01377641281181,16.896707585051814,2.076142323514393,-0.42836479737701616,-3.8427931547668543,-5.149359250873548,-12.294590651378298,1.023626033725782,6.151120880669951
2005-03,288,7.0818057914189465,0.25162363784389796,3.318102700380766e-06,6.427701073909716e-05,8.070264973673057,23.650789573419658,27.40218244526171,17.896954466180144,14.67107241853607,1.9852834540122561,-0.40094627911226094,-3.1411224473868593,-3.7364343425925717,-8.937996060010148,0.6697201880380135,6.851901107008281
2005-06,291,6.6637332703217,0.24542610860373176,5.364642729077355e-06,0.0001050649908991335,8.75730870623575,24.835881443386686,27.598136255553474,16.351686294641603,15.680595882074067,1.962345633541504,-0.6585075284942583,-4.034959282513273,-5.684177227725299,-12.281827720069492,1.1323230798463086,5.722517540746147
2005-09,294,6.301776983010967,0.2263305258480842,5.119491383232318e-05,0.0007308192150018865,8.39916424877221,23.936780747331028,27.156811915357082,15.904083601521233,14.977720631963543,1.618641672934396,-0.8295906825007386,-4.091721899964632,-5.248482419139772,-11.91029226574607,0.7853543739722836,5.567854329683186
2005-12,297,6.138048221895789,0.24005278866868573,7.823429570153924e-06,0.00016050956493804814,8.93570444951602,24.859918133647824,27.47824000570618,16.1999591970568,15.735899020837596,1.8763388212898802,-0.8250416169594368,-4.17279903595744,-5.652622553364975,-13.614469290917691,-0.2880294787767599,4.837869727598762
2006-03,300,6.53372748195526,0.2453552127493113,2.7951819330964685e-06,6.035861110008726e-05,5.952845948578415,21.835775972166203,29.55505451682273,16.135900818859774,13.306799367530395,1.949141196485479,-0.4148004863144722,-3.052066902980993,-3.465640819188294,-9.111245496979231,-0.3092059832888418,6.022171651771958
2006-06,303,7.230218201440765,0.22035766983705254,6.870003547221498e-05,0.0014644168470169703,7.413238901649587,24.39102679074168,30.11084363601215,23.73487923141245,16.72085298526949,0.2866985940425512,-0.5181700114568073,-3.762232539882117,-5.3494074880898985,-12.990118756860445,0.9682343018288947,4.994701724365554
2006-09,306,7.3876077388519805,0.22454832805398858,7.662711110083175e-05,0.00151680310235355,7.287798797768841,24.776671717353356,31.086174075540256,24.17876128493549,17.160329314304867,0.6559712622115939,-0.590108116323054,-3.6172318500581992,-5.610228186992216,-12.676685212426543,0.8266147370741845,5.659151151836516
2006-12,309,7.11964400022405,0.22138267436472206,7.292843390885113e-05,0.001833329761371774,7.95502923229889,24.85929469351853,30.54904004323849,24.074613643194176,17.118726930010638,0.7789099337980614,-0.3982201576439324,-3.4009453794566817,-5.620106990014543,-11.673114822415688,0.3387172628092313,2.469338689058486
2007-03,312,7.829156083641787,0.23604111598085759,7.580292578778309e-06,0.00021546416653653018,1.2095961260732027,29.40380735566102,26.975189213473435,25.28912999366377,15.369813505567068,1.7568659994939977,0.10874961447189165,-2.316975483424933,-2.505184990658739,-6.1282982699916255,-0.1168472051679594,4.904027144540317
2007-06,315,2.606298765577029,0.03789617362492695,0.5690326008495241,0.8539372883363289,-4.139559143486153,21.24549139611196,18.96664319899343,17.471282656526768,13.452922470983204,-1.08311210658167,-0.993162335310296,-4.55267129270267,-6.701153892984426,-13.673009328379361,-5.007290801402523,-4.55780320115918
2007-09,318,7.719302703210676,0.23423001711924404,5.940733130983313e-06,0.00018487739624549913,1.798104271908951,30.51435437313531,27.739349657573236,23.493763823594605,13.719441509341474,1.7525730792607728,0.1492657562371043,-2.5869443130966605,-3.191920842811129,-6.161541354564146,0.4144050631441543,5.489998230448224
2007-12,321,6.670923430288607,0.24428364448300058,7.330522362984044e-07,2.1689463444696622e-05,1.0624945488511552,29.73768635500779,26.889426640206036,23.13396661076575,12.905727793933304,1.242353367560218,-0.5302710370074785,-2.969470384191854,-3.484118686183972,-7.696368089965915,-2.3562825980410804,3.5113750593144744
2008-03,324,6.215476112341693,0.20335718717389728,0.0003076508834932275,0.003918376500183915,4.356233740239542,28.88842178632328,33.3587614814764,22.41962656599529,15.002598981088376,0.16984015431198027,-1.2278681495672208,-4.322265736636855,-6.7693466114674985,-14.246213752979807,-3.4855924005215293,0.44151728983834776
2008-06,327,7.419789633579782,0.24358258595127288,1.0304817843691447e-06,2.7853931193724556e-05,4.741665766088373,26.54414492973198,31.292661401175824,22.78568749769875,13.868053168720147,0.7444034803231124,-0.292154818946221,-2.6466100489900755,-3.6406830438933877,-7.004409987503363,-1.5947918875090528,3.6788137665797325
2008-09,330,6.9818919156506745,0.24541507859797473,4.161186483964134e-07,9.963273320378033e-06,4.547342725774469,26.4469284837105,30.90205171584853,22.594487208544347,13.662172506657027,0.5715684501728155,-1.345285747401128,-3.233043776189437,-4.733644075785148,-7.025297324091112,-1.5944818519336923,3.5223156698307467
2008-12,333,6.917416035866161,0.23247915805299713,4.016719440920938e-06,6.973152553923191e-05,4.422904474210151,26.372663761211353,31.0512157118452,22.319645238043005,13.503487965679723,0.19322120338389226,-1.5179057200595274,-3.4360054906233057,-5.079924871085744,-7.940646899458101,-1.0262952701609558,5.614294321682126
2009-03,336,6.888119838953685,0.23210221294994118,4.5585005949755625e-06,8.78407533133664e-05,4.003392298768881,26.605192556447236,27.131490640116017,22.839902209188068,14.230244982465738,0.5505067755902966,-1.1933654432762615,-3.18295024077083,-5.178220624649364,-8.196118890228393,-0.6452834109657236,5.692647214758551
2009-06,339,3.4871951555428407,0.04379528242021674,0.5708179713500061,0.7540042548858967,-2.558175017315539,16.04446678922515,18.245459083065892,21.85366080065973,15.88476980959227,-1.627026754380461,-2.6412968575590994,-4.57150550866765,-6.013166682513499,-8.845673990524324,-5.035220591578808,0.19398584403746355
2009-09,342,3.5930836995639055,0.044425992284925456,0.5567588931891563,0.7484003324659483,-2.43080972967005,16.38135445671407,18.56540479252357,22.028484726671806,15.9482451253788,-1.6868024959260444,-2.1059856940409394,-3.777790778799898,-6.3448177681359,-8.891335099121303,-4.958252842088991,0.2999228827701442
2009-12,345,3.1516874796219048,0.04148121904881021,0.5861783608331985,0.7790407010943959,-2.714813537386852,15.741831656333881,17.90892309830026,21.575565079108276,15.605181183802534,-1.7980846100669543,-2.2063540052829627,-3.871562410009834,-6.456142778515777,-8.880909493701553,-6.906318939581419,0.5636544703384845
2010-03,348,3.016147051160661,0.04585322715095493,0.5908399122033339,0.8371052112932569,-1.6229036439287037,15.85179790264316,13.671738151655518,21.827692790793897,15.91956662107181,-1.7075563079054394,-2.0563522046718243,-3.7154587099046896,-6.188194408988453,-9.062122028969865,-7.098280835859931,0.3738372879924627
2010-06,351,2.542854988497037,0.02071336882145594,0.7267861340700537,0.9186159044485807,-2.152696362930488,15.064559182107779,12.786453630190545,20.20995305302583,15.003486915167374,-1.3325901951705843,-2.279615900477806,-3.8634282972473533,-6.252914446838447,-9.572196363035506,-7.636848188909349,-0.3651543641772562
2010-09,354,3.0042427149643944,0.043521764754858513,0.5792175098651855,0.8401049111175025,-1.4896936041991475,16.23222218149936,14.039653367807436,21.60368812184057,15.29144146808368,-0.9632419487493252,-1.7917605781811008,-3.9720742989635105,-7.297833391448552,-9.108056785738814,-7.028381975400679,0.36788922706436283
2010-12,357,2.8033736836459555,0.045495488161973324,0.5841872020244911,0.8334885364778748,-1.281620870139093,16.164085855323556,13.93765578355082,21.56792006656839,15.07644835214377,-0.9417974977868363,-1.7889693958878399,-3.9237593111934985,-7.181968518153275,-8.059852746210883,-7.458344354240768,-1.7889798362962883
2011-03,360,2.338941184745104,0.040398196014361176,0.6325667476945331,0.8666082529839831,-2.4095619698413646,15.535832808638895,11.457365085490846,21.176263814386015,14.861818964984705,-1.1720579057015894,-1.9774536655032044,-4.075135913365437,-7.3141053398898865,-8.264031834818836,-7.6973907041637375,-2.054249123275165
2011-06,363,1.0826262074213397,0.021693283884701105,0.7531350575662813,0.9184848244032301,-3.601987123553015,13.719586101374952,9.844676000054447,17.825689869698582,13.35392945980056,-2.486724506759414,-2.8542104151519774,-4.8579521550244085,-7.980818487850665,-8.971943576845007,-8.694056874808151,-3.1528410085623486
2011-09,366,1.2323429886606772,0.023216373449484892,0.7367589216197065,0.9192753728594194,-3.354735167307559,14.721771122574799,10.656066443911495,18.604265999888376,13.990593817727937,-2.401165205768659,-2.8016876322777415,-4.801737531104884,-8.57344439436987,-9.51558442944928,-8.733237791739642,-3.223748272227875
2011-12,369,2.4599812269110197,0.043086233555497365,0.6161118802466756,0.8576049984657664,-2.3835844337990695,16.046226920417258,11.955581685464436,20.014245941764543,14.556502259868173,-1.4732420931001695,-1.710183163147394,-3.7138061809887972,-7.318099100871741,-4.981042849150083,-6.077098737811166,-4.807393896960542
2012-03,372,2.067298167075654,0.0453523736211538,0.6410937785932986,0.8648370098730094,-1.1493856925562502,15.250114834572225,7.826790690790014,20.159052801179055,14.762949201383007,-1.575836107576488,-1.9307141094607132,-3.9701892287966536,-7.645959749573224,-5.48429436364209,-6.365935676397373,-5.069014595013661
2012-06,375,-0.4606884530477055,-0.000684919931497555,0.8184040894632095,0.9402414451273754,-3.541677920242122,13.398643711717282,5.105375174996718,12.389116296128304,10.709923194448962,-2.607935202746372,-3.0113154033183034,-5.164502913282908,-9.049787605175228,-8.038611149018305,-8.618287543193864,-7.804788194530967
2012-09,378,-1.2036163665372765,0.0016983023868444571,0.8074319513109507,0.9280885830551594,-4.444141303874057,12.163074917756061,4.196174939624332,11.462118772303057,9.923200857965712,-3.129646188265739,-3.3958308903634884,-5.746989336917801,-9.274546148454062,-8.560875778433486,-9.3406036759752,-8.523074669151091
2012-12,381,-1.4119115883714388,0.0010723518910780083,0.79541724770306,0.9418517895803794,-4.951068017412438,12.073561950630856,3.9963776417632633,11.35597589155968,9.872097477160159,-3.6306364826783675,-3.8687271420865565,-6.349326715807273,-10.202445737463155,-9.726404532733302,-7.5720714819133335,-7.460440463348801
2013-03,384,0.9798316823514218,0.03412051922889698,0.6999740998193602,0.8768679678516578,1.0869370037706698,12.764399306986508,3.165548048538631,15.51911699210836,12.387960467071885,-1.7501481687368448,-1.8096097603509576,-4.369150235861895,-8.32363494526678,-7.5588332098941695,-4.8339806210792915,-4.520624689069056
2013-06,387,-0.4197616092702201,0.012927385336387983,0.7036293123461628,0.8860136866704024,-0.32057154510007635,10.865012795741405,1.2026551055441583,10.79117148277199,11.177926043545444,-2.0011483609157565,-2.709953285181858,-5.202837696918362,-9.072585647223663,-8.551172505753213,-5.9804209190351845,-5.898565841005397
2013-09,390,1.2155998221823316,0.0308315255888129,0.6645392855680752,0.8582079387901644,1.5365124819229772,13.773695490365565,3.8285439420544893,13.721122009193206,12.827222796960326,-1.223921649945753,-1.708988934740268,-4.339438805435754,-7.12750694719372,-7.7177279269966625,-4.626021057593804,-4.508008830394619
2013-12,393,0.789894904827493,0.024568029940056406,0.6869860027352414,0.8425093428485891,0.8982804412755598,13.041238486591467,2.907601687863785,13.065599927216422,12.439751955944072,-1.5519929617562638,-2.0521077291647734,-4.877337013239372,-8.12304133326004,-8.256813455123005,-3.370232890215179,-4.203498079377038
2014-03,396,-0.030417187793862908,-0.000793299777509594,0.7789905279156123,0.8271041141721288,-2.29851839157499,17.371072653057734,4.564394675767756,13.379656172401635,14.541644877851878,-1.3024038426712958,-2.1936861374378163,-5.648290931002929,-10.79807471339167,-13.105701458020235,-6.161030776657666,-8.714068381848744
2014-06,399,0.5220727641943659,0.011867853485753312,0.7203772492557154,0.8324418675177488,-1.512713107963723,18.579979336613455,5.830222435033323,15.52793138499386,14.965514830943174,-1.7651322819206687,-2.328672261251847,-5.757857382646208,-10.90397372248773,-13.071875051653764,-5.863613613473178,-8.25803120317047
2014-09,402,0.5096358623531334,0.016853663926234747,0.6702696536237791,0.7914180589595904,-1.3857802031297781,18.637473440892844,5.864946903191202,15.987018586766299,14.987746578427478,-1.7419680447369936,-2.166860504937858,-5.635640919931515,-11.230668608656048,-13.214887860051041,-5.855660251171212,-8.346507311238256
2014-12,405,0.862450435490553,0.02435392996226919,0.6194284130391137,0.7574918731929683,-1.09648453422537,19.284642114628653,6.636969925420499,16.67903232216586,15.424233415527153,-1.6307602676488888,-2.1226945067657517,-5.6322414083165695,-11.291750498775736,-12.159456588339596,-5.478095953519348,-7.609936553106854
2015-03,408,-0.16928226743807392,-0.0006301548876152871,0.7427959659480723,0.7851860372522407,-0.8079086679090959,16.671056893249247,2.86274424013443,13.936746245680816,13.939320011933901,-1.9590666650384492,-2.5890440696210404,-5.905020329416102,-11.149477161443489,-12.326817539895481,-6.19312576377151,-8.510794403160126
2015-06,411,0.46330742865827435,0.024651639381720592,0.6117957678234476,0.7212118188532961,0.3881627675223573,18.56385452176349,4.924442371415029,13.989225425611798,14.96331027809209,-1.9154760246776674,-2.383071700893594,-5.902188595128158,-11.566717586640038,-12.512880214712483,-5.835276502481006,-7.908023166356386
2015-09,414,0.7004185878239647,0.026229558210571664,0.5893948265939581,0.7108137398347001,0.47704401440821903,18.75730456296839,5.179088445490147,14.2108849917161,15.197758278614073,-1.7333132391913646,-1.658766587527228,-5.002302233321382,-11.457601013524682,-12.312835878450091,-5.678719399768548,-7.730993848403166
2015-12,417,-0.017501163604134593,0.024967467617076577,0.5628611926790545,0.7306183582929149,0.38387272743303624,18.71722092643401,4.904130244512129,14.033793972513513,14.808326091105293,-2.2002597952463168,-1.959752352129517,-5.283831883423751,-11.658162649077653,-12.956225368191632,-7.881348179360518,-10.430414058127013
2016-03,420,0.08412940508354966,0.024801370614061007,0.6002581032039995,0.7693402525380523,3.380197236474435,15.721191590507248,5.107040114233899,13.750074498372166,14.989763253030572,-1.760370111935472,-1.8389265056230322,-5.1525325275017195,-11.600968491393933,-12.965770313327893,-8.011494339459023,-10.608651542374645
2016-06,423,0.14536356904077302,0.025630875433798175,0.5691348642153988,0.7371615721812432,3.39205997589563,15.876711836058465,5.275095553167042,13.588716694463633,14.95370943487773,-1.4778141313836126,-1.8846371351366555,-5.251384855467973,-11.744746665749913,-13.09320282139481,-8.059743915029609,-10.591216035834515
2016-09,426,0.23469602447656832,0.026383189163669114,0.5555306076737903,0.7283554718830747,3.5128090689930582,16.031570369490275,5.426202806277413,13.717288724415031,14.97665925728544,-1.48482039373805,-1.8753015192516276,-5.236625210813495,-11.087389067239982,-12.984585806193927,-7.951571637647135,-10.445073887680975
2016-12,429,-0.09073854930113691,0.028018435123405346,0.5793962928280909,0.7680932319114104,3.5691782966220864,15.82651099207358,5.176069726843058,13.549221667076218,14.853647553988,-1.4640253549234974,-1.9558046510651488,-5.363654902745103,-11.342248423758054,-12.209246357252262,-8.487043445666096,-12.551357285488592
2017-03,432,-1.076131027941255,-0.0027178247763284197,0.8093911227506582,0.8993250000557717,-0.7034499855334057,14.654508791018145,1.1616845234966888,7.155943180053787,9.207854629011377,-2.746477666801151,-2.968398114185264,-5.360935618065558,-8.251575144668358,-7.911036591461507,-7.365411779408141,-9.786278558751683
2017-06,435,0.05703308817321025,-0.0007191715471527781,0.7196082268963768,0.8593626380435357,0.12839281894732973,15.956533615234179,2.173077488417433,10.101996375748792,9.602348190749131,-1.5960788337492937,-1.9727927579330098,-4.328603633543109,-7.176048400107965,-7.032777232382763,-6.479899463103332,-9.190005734316353
2017-09,438,-0.22747396662110936,-0.003965672679308143,0.7178641592260016,0.8621260121638485,-0.0756048630452505,15.520611720806174,1.7865000226788936,9.727635153535315,9.130421601823148,-2.0061284708747973,-2.1364624711175564,-4.198603555442707,-7.591845321125573,-7.131178439106748,-6.641468233961887,-9.232727541859118
2017-12,441,-0.8691686604766868,0.0033885669872056184,0.7121632565758064,0.8515914173672726,-0.599323667213943,14.661911100561603,1.438604480001132,9.260757950919729,8.731329740372262,-2.4272657130486848,-2.6141646185206193,-4.698569620637158,-8.100157583980089,-8.59962866876045,-6.029501732859604,-10.964591325127964
2018-03,444,-0.6822779416706197,0.0004996003878296592,0.7581574686038296,0.8827353487119625,-2.180124808245201,15.054392895106613,2.6721213001886706,8.827833071103306,8.272568593871762,-2.2607054977470065,-2.389642462040696,-4.393019171805779,-7.537290840675611,-7.991340666114248,-5.6994246302227,-10.56270308346656
2018-06,447,-1.06874382135332,-0.0034249526690451077,0.7518900641263057,0.8748532623534157,-2.283936709976068,15.081001841126,2.390486359213591,9.097573723379837,6.601103442868019,-2.935345887208779,-2.6614680349524393,-4.7456210949132345,-8.092298394301833,-8.597872131083113,-6.084753213245998,-11.025405561013363
2018-09,450,-0.6273324175510336,-0.00034798449944259277,0.7309095241243055,0.8854940116298378,-1.4759254779870485,16.23333582366425,3.1658529287473023,10.080374841412057,7.49620113354666,-2.7363960670431324,-2.655450307087605,-4.560331094993939,-7.591726058767946,-8.774692714557423,-5.90792820580742,-10.903916432072547
2018-12,453,2.3187577614615082,0.057289582092167474,0.34412389377388347,0.653433090311117,1.772834788463668,20.7897548290826,7.6755661408510685,15.00678591662897,10.292824242247008,-1.1388335316163012,-1.060389930248336,-3.1482324702737507,-6.377266924966772,-7.279110055549469,-1.506032529447913,-6.590126219895517
2019-03,456,-0.1770740721720103,-0.002503223168944632,0.8245904579362225,0.9077309785815622,-2.0723941278890603,14.808875941980077,5.970929699491722,10.562815163780613,8.336511705543343,-2.134429390244682,-2.1903773128920023,-4.272133101628578,-7.889970483418407,-9.39513988534805,-3.9269138089587923,-9.922663266480306
2019-06,459,-0.5265441191115406,-0.0043102745076395495,0.7551323386219864,0.8941053865283407,-2.580910861299907,14.471489506109439,5.629990725701433,9.910379863011205,9.411545557433717,-2.5539644424835766,-2.9005470276327507,-4.968405410397165,-8.488174215577443,-9.945706598060193,-4.456146642828039,-10.330911286875622
2019-09,462,-0.3040019012729489,-0.008391980413850251,0.762257394203049,0.8923763230308658,-2.4322305995516236,14.45081930793616,5.672856247307697,9.918279877259078,9.357346764384891,-2.4240796342023474,-2.176025458772078,-4.425546338189607,-8.249639235832264,-9.461316074362436,-4.07435800633784,-9.904770385501475
2019-12,465,-0.6715001625185963,-0.00025459442512935866,0.7614616350729922,0.8978356225727455,-2.6783715339050755,14.490929543837638,5.675632614715651,9.958575602342743,9.491317336498415,-2.5621200537273663,-2.437790175181288,-4.753169070827809,-8.792801386183061,-9.774817732443875,-4.199775164394473,-11.97554292807762
2020-03,468,0.10658773241980699,0.0003467522049722801,0.7483466054241001,0.8836580432759674,-2.381246665688011,14.459309825563428,8.572908930232945,9.887426160493543,9.443118170354614,-1.9559311395371064,-1.9137806905118662,-4.135562116653727,-7.822100723055485,-8.641702361916229,-3.36051850264687,-10.872868097597559
2020-06,471,-0.23700899901925393,0.0038356762556772898,0.6495445555132169,0.8165544942836945,-3.1170662302216434,14.096211728230937,7.595010123124573,15.639760437275001,8.816372010802983,-2.613740849356985,-3.088458450492946,-5.371507687528736,-9.16110925214141,-9.93319477565106,-4.30832903522944,-11.976348791549468
2020-09,474,0.09447926070069777,-0.016243465316982942,0.6808507885989323,0.848920704080924,-2.9742137802155457,13.28852588409483,7.284260497238336,14.971329760592079,7.816754393270744,-2.6321679962595446,-2.3859264258138513,-4.426357122391391,-7.7832556846246135,-8.405052041273985,-3.2381104095188733,-10.510074443114668
2020-12,477,-0.061170181261149086,-0.001621145935280058,0.6923160533178305,0.8314784125893147,-3.2376277902189883,13.220981009827282,7.324479091682878,15.067681784210247,8.194894089833957,-2.4614150838967523,-2.4694147631005334,-4.593764905495727,-8.158489409808997,-9.661356652340583,-3.519368528732035,-10.003357445717679
2021-03,480,-0.33896375175751225,-0.002148458424775085,0.7080549208874123,0.8177142318383535,-5.552978111642874,13.861387722349997,8.21314369105816,14.857398129208928,8.052836495402204,-2.675762126729381,-2.745106905057684,-4.926485117217685,-8.635210953541662,-10.151229859471902,-3.9222141438817473,-10.443343841566508
2021-06,483,-0.23639112649291408,-0.0018857682953838742,0.7362969886146136,0.8358609038307264,-5.4425497530529166,13.780938629062046,8.37349959007567,14.142685277651353,7.224365925113623,-2.445266242777967,-2.7015990426275955,-4.817111129267017,-8.271910132564287,-9.690700362509041,-3.5705967964723326,-9.909223439033148
2021-09,486,-0.39181886650752074,-0.004158517591182649,0.7259777822180462,0.8267629867115595,-5.548957733821883,13.73544657173341,8.071953149145662,13.957058293337944,7.036095721240502,-2.7398282344004707,-2.6566767157510363,-5.009321404425362,-7.290564481406703,-10.163823059774554,-3.9000148895098015,-10.33438552389895
2021-12,489,1.210122498449667,0.021901597168640968,0.5718145096359168,0.8332805828604466,-3.7848813241066326,16.667818735731533,10.365241464174876,17.131037678160453,8.849053593957114,-2.556466219586635,-2.439945438325337,-5.218367594844176,-8.160686660290086,-7.184019295646092,-2.3919677684319245,-6.276863984995842
2022-03,492,0.9190146804406962,0.008455844860432297,0.6767736196913885,0.8772585327613858,-1.238696069186268,13.667580469534578,9.578585147516785,16.45141075384305,8.438023416927994,-2.9141889087342423,-2.743753997442961,-5.434039251311447,-8.343131901688192,-7.3418779262482134,-2.537499608352008,-6.5542359595707165
2022-06,495,-0.5256985054861149,-0.0019725920919059507,0.4663114605884521,0.6904504304760088,-2.0954078690035125,14.109671571438357,8.442547503092072,11.834227733274034,6.936288557146678,-3.2766888317192566,-3.5289976116965915,-6.271803162117833,-9.92444779989866,-9.496403556615112,-4.151377983943864,-9.302354590793579
2022-09,498,0.1370006362463649,0.0136743546567372,0.36111694896222474,0.5944684981926958,0.06954170832872889,18.65124507679845,10.356225209866484,16.0853211899794,10.246920518566036,-2.6363928627791724,-3.1120191690154426,-6.534265426872501,-12.678990426077686,-11.883172119608473,-4.914633217234654,-12.019152603246555
2022-12,501,0.46946714857076177,0.012819533972128478,0.40164984902164724,0.5627384526834329,0.2146198821570515,18.76225027641932,10.43930354719718,16.18602767022593,10.429993145452332,-2.4605334872883886,-2.969725534144103,-6.3772537885105836,-12.435225599733858,-12.934623725776392,-1.5951872153738658,-10.95918766729782
2023-03,504,-0.7347525292933037,0.0010617574602901248,0.6082215120138958,0.7336890788873497,-4.220094168227861,12.915844527885424,9.567422492366081,11.757564543473242,6.798686087864884,-3.6520156848361216,-4.061081101623256,-6.831265811001286,-10.891349973305921,-10.908506493538825,-1.0658672845062398,-8.226367486069782
2023-06,507,-0.4704203124868509,-0.001534857544676784,0.6137323664109411,0.7244489787022785,-4.088846383107169,12.799801941810127,9.633720857152522,10.493361236343553,7.609188872324937,-3.168728673674811,-3.7577602500900995,-6.471184980729163,-10.350136088963694,-10.349303777034194,-0.6776626455201613,-7.706662486269649
2023-09,510,0.14785411032897633,0.014510492783079861,0.48747605175683084,0.6121011390038869,-2.252413273678355,17.52752285826637,11.539749416375576,14.87787457273515,10.929514962115812,-2.677127521092046,-3.0132371625224343,-6.210117934009802,-12.561383149332908,-13.292479393363946,-1.9198008884344795,-11.184767427537881
2023-12,513,0.22750209862893542,0.014799382694945655,0.49416665891472145,0.6045484407529305,-1.977764130424072,17.96241270442838,11.892813690789094,15.05363880782586,11.184846485247068,-2.5494030097371603,-2.8898221307656087,-5.968428472841703,-12.13737250606816,-12.39359634634185,-3.161497064592928,-11.653362007485491
2024-03,516,-0.0838157067999976,0.0008806209544880226,0.48695539841787505,0.6205967861689237,-0.48723335265094847,16.548137458338743,12.946320843297695,14.33229676159429,10.485298577060401,-3.2768436063236828,-3.575181962868706,-6.632111776022936,-12.799378891783807,-12.9396923276939,-3.5636908282852433,-12.04370937626188
2024-06,519,-0.2861952480221084,-0.01047483094863455,0.45562207142668376,0.5867689735897836,-0.20552738813314445,16.396201457334733,12.498979151383141,12.754382834897063,8.38971528466645,-3.35367416197648,-3.6052851888537134,-6.499578443949845,-12.538952191062195,-12.588739007984978,-3.2977855394124,-11.817777683212375
2024-09,522,-0.09929080704231158,-0.0008511430174984113,0.5218263488907096,0.5923344462508442,-0.4301524695663295,16.327650844013927,12.72847153911606,12.84778071098611,8.72122751961047,-2.8263837806397714,-3.0076522645896535,-5.844471095342331,-12.476609083002897,-12.333878997606266,-3.2120404585956437,-11.639144633758294
2024-12,525,0.2718170645096087,-0.0015414491948452498,0.5195418798649372,0.613977895302031,0.5806727155368644,16.9747939436725,13.132556537484144,13.525514682661843,9.238915965888104,-2.38207966285236,-2.566930958442141,-5.441867863819151,-12.171800309952738,-12.475530321450417,-3.301324668774025,-11.172193194856293
2025-03,528,0.05701115281446951,0.006566062347816846,0.4944741465306981,0.5633072532789836,-0.17733847984135698,18.876270965571234,12.850778817251136,13.692169148546714,9.137356451149724,-2.6393073523112354,-2.6584573413656685,-5.785037075250288,-12.795452803702272,-13.255749591960472,-4.227765520629207,-12.333333383684659
2025-06,531,-0.4585158122347127,-0.0026378070834366485,0.6160480103344768,0.6817232209309885,-1.7346965980137476,14.527454389215444,11.444315784749879,6.621816690475839,5.0182098451730655,-2.912380124304552,-2.972080157792544,-5.27805920606117,-9.741298746084224,-9.874961483579757,-2.8201557493648166,-8.009972433231068
