modelo,origem,converged,iterations,optimizer,maxiter_config,warning_convergencia_emitido,aic,llf
SARIMA_sem_exog,1995-12,True,46,lbfgs,,False,1710.1181154968044,-849.0590577484022
SARIMAX_atual,1995-12,True,44,lbfgs,,False,1664.6794528948788,-823.3397264474394
SARIMA_sem_exog,1996-01,True,43,lbfgs,,False,1720.8816498054425,-854.4408249027213
SARIMAX_atual,1996-01,True,47,lbfgs,,False,1675.511823363388,-828.755911681694
SARIMA_sem_exog,1996-02,False,50,lbfgs,,True,1731.6349868997156,-859.8174934498578
SARIMAX_atual,1996-02,False,50,lbfgs,,True,1685.7059082151113,-833.8529541075557
SARIMA_sem_exog,1996-03,False,50,lbfgs,,True,1744.5711336761015,-866.2855668380507
SARIMAX_atual,1996-03,False,50,lbfgs,,True,1699.6364682952023,-840.8182341476012
SARIMA_sem_exog,1996-04,True,46,lbfgs,,False,1759.1746931345524,-873.5873465672762
SARIMAX_atual,1996-04,True,40,lbfgs,,False,1713.5319523772682,-847.7659761886341
SARIMA_sem_exog,1996-05,False,50,lbfgs,,True,1769.7492044991,-878.87460224955
SARIMAX_atual,1996-05,False,50,lbfgs,,True,1723.6966761740828,-852.8483380870414
SARIMA_sem_exog,1996-06,False,50,lbfgs,,True,1780.4754481286163,-884.2377240643082
SARIMAX_atual,1996-06,True,39,lbfgs,,False,1734.2797882232153,-858.1398941116076
SARIMA_sem_exog,1996-07,False,50,lbfgs,,True,1794.8240633746063,-891.4120316873032
SARIMAX_atual,1996-07,False,50,lbfgs,,True,1744.259126466042,-863.129563233021
SARIMA_sem_exog,1996-08,False,50,lbfgs,,True,1800.4980857725504,-894.2490428862752
SARIMAX_atual,1996-08,True,41,lbfgs,,False,1755.1043433521852,-868.5521716760926
SARIMA_sem_exog,1996-09,True,45,lbfgs,,False,1818.7294901869736,-903.3647450934868
SARIMAX_atual,1996-09,False,50,lbfgs,,True,1765.832948527307,-873.9164742636535
SARIMA_sem_exog,1996-10,False,50,lbfgs,,True,1822.708615331956,-905.354307665978
SARIMAX_atual,1996-10,False,50,lbfgs,,True,1775.6858675645344,-878.8429337822672
SARIMA_sem_exog,1996-11,False,50,lbfgs,,True,1831.9128820742503,-909.9564410371252
SARIMAX_atual,1996-11,False,50,lbfgs,,True,1786.2830331903363,-884.1415165951681
SARIMA_sem_exog,1996-12,False,50,lbfgs,,True,1846.8077793710486,-917.4038896855243
SARIMAX_atual,1996-12,True,48,lbfgs,,False,1802.3515835284866,-892.1757917642433
SARIMA_sem_exog,1997-01,True,49,lbfgs,,False,1858.7963819496956,-923.3981909748478
SARIMAX_atual,1997-01,False,50,lbfgs,,True,1814.6301755252866,-898.3150877626433
SARIMA_sem_exog,1997-02,True,49,lbfgs,,False,1872.7352130929503,-930.3676065464751
SARIMAX_atual,1997-02,False,50,lbfgs,,True,1831.0767001221589,-906.5383500610794
SARIMA_sem_exog,1997-03,False,50,lbfgs,,True,1885.8882315933872,-936.9441157966936
SARIMAX_atual,1997-03,False,50,lbfgs,,True,1844.2042046537822,-913.1021023268911
SARIMA_sem_exog,1997-04,False,50,lbfgs,,True,1896.535773891378,-942.267886945689
SARIMAX_atual,1997-04,False,50,lbfgs,,True,1854.8590791493616,-918.4295395746808
SARIMA_sem_exog,1997-05,False,50,lbfgs,,True,1906.6075456465956,-947.3037728232978
SARIMAX_atual,1997-05,False,50,lbfgs,,True,1864.8928076188977,-923.4464038094488
SARIMA_sem_exog,1997-06,False,50,lbfgs,,True,1916.7712402638267,-952.3856201319134
SARIMAX_atual,1997-06,False,50,lbfgs,,True,1874.8274396352435,-928.4137198176218
SARIMA_sem_exog,1997-07,True,45,lbfgs,,False,1926.8881658555788,-957.4440829277894
SARIMAX_atual,1997-07,False,50,lbfgs,,True,1884.8204484156408,-933.4102242078204
SARIMA_sem_exog,1997-08,False,50,lbfgs,,True,1936.9509556596822,-962.4754778298411
SARIMAX_atual,1997-08,False,50,lbfgs,,True,1894.8985979559588,-938.4492989779794
SARIMA_sem_exog,1997-09,False,50,lbfgs,,True,1947.7010723415128,-967.8505361707564
SARIMAX_atual,1997-09,False,50,lbfgs,,True,1904.8554456190714,-943.4277228095357
SARIMA_sem_exog,1997-10,True,42,lbfgs,,False,1958.1446200011585,-973.0723100005793
SARIMAX_atual,1997-10,False,50,lbfgs,,True,1914.8142792128806,-948.4071396064403
SARIMA_sem_exog,1997-11,False,50,lbfgs,,True,1969.366217205652,-978.683108602826
SARIMAX_atual,1997-11,False,50,lbfgs,,True,1925.0979494918647,-953.5489747459324
SARIMA_sem_exog,1997-12,False,50,lbfgs,,True,1979.7429360230713,-983.8714680115356
SARIMAX_atual,1997-12,False,50,lbfgs,,True,1935.0085401091624,-958.5042700545812
SARIMA_sem_exog,1998-01,True,48,lbfgs,,False,1991.9155322129172,-989.9577661064586
SARIMAX_atual,1998-01,False,50,lbfgs,,True,1948.7448709438904,-965.3724354719452
SARIMA_sem_exog,1998-02,False,50,lbfgs,,True,2007.9474409610243,-997.9737204805122
SARIMAX_atual,1998-02,False,50,lbfgs,,True,1963.094620266459,-972.5473101332295
SARIMA_sem_exog,1998-03,False,50,lbfgs,,True,2019.1080681309654,-1003.5540340654827
SARIMAX_atual,1998-03,False,50,lbfgs,,True,1973.2286199713544,-977.6143099856772
SARIMA_sem_exog,1998-04,True,39,lbfgs,,False,2032.3712304925266,-1010.1856152462633
SARIMAX_atual,1998-04,False,50,lbfgs,,True,1986.1799462111983,-984.0899731055991
SARIMA_sem_exog,1998-05,True,42,lbfgs,,False,2042.8629592427826,-1015.4314796213913
SARIMAX_atual,1998-05,False,50,lbfgs,,True,1996.3938509727163,-989.1969254863582
SARIMA_sem_exog,1998-06,False,50,lbfgs,,True,2053.0944131278716,-1020.5472065639358
SARIMAX_atual,1998-06,False,50,lbfgs,,True,2006.4961478391679,-994.2480739195839
SARIMA_sem_exog,1998-07,True,44,lbfgs,,False,2063.215329208449,-1025.6076646042245
SARIMAX_atual,1998-07,False,50,lbfgs,,True,2016.4472143443509,-999.2236071721754
SARIMA_sem_exog,1998-08,True,43,lbfgs,,False,2073.305329203939,-1030.6526646019695
SARIMAX_atual,1998-08,False,50,lbfgs,,True,2026.4403418796214,-1004.2201709398107
SARIMA_sem_exog,1998-09,True,45,lbfgs,,False,2083.366023763533,-1035.6830118817666
SARIMAX_atual,1998-09,False,50,lbfgs,,True,2036.878578293669,-1009.4392891468345
SARIMA_sem_exog,1998-10,False,50,lbfgs,,True,2094.5129395068984,-1041.2564697534492
SARIMAX_atual,1998-10,False,50,lbfgs,,True,2050.5599380991453,-1016.2799690495725
SARIMA_sem_exog,1998-11,True,45,lbfgs,,False,2104.732800183179,-1046.3664000915894
SARIMAX_atual,1998-11,False,50,lbfgs,,True,2062.2932849113577,-1022.1466424556787
SARIMA_sem_exog,1998-12,True,40,lbfgs,,False,2116.5632015626784,-1052.2816007813392
SARIMAX_atual,1998-12,False,50,lbfgs,,True,2077.158472257623,-1029.5792361288115
SARIMA_sem_exog,1999-01,False,50,lbfgs,,True,2127.97351062903,-1057.986755314515
SARIMAX_atual,1999-01,False,50,lbfgs,,True,2087.036824156934,-1034.518412078467
SARIMA_sem_exog,1999-02,True,45,lbfgs,,False,2138.2030615917192,-1063.1015307958596
SARIMAX_atual,1999-02,False,50,lbfgs,,True,2097.2633972514395,-1039.6316986257198
SARIMA_sem_exog,1999-03,True,48,lbfgs,,False,2155.204845099211,-1071.6024225496055
SARIMAX_atual,1999-03,False,50,lbfgs,,True,2110.7009594867595,-1046.3504797433798
SARIMA_sem_exog,1999-04,True,41,lbfgs,,False,2165.3003183146466,-1076.6501591573233
SARIMAX_atual,1999-04,True,37,lbfgs,,False,2121.135429456078,-1051.567714728039
SARIMA_sem_exog,1999-05,True,45,lbfgs,,False,2177.3188014284606,-1082.6594007142303
SARIMAX_atual,1999-05,True,40,lbfgs,,False,2132.029939949856,-1057.014969974928
SARIMA_sem_exog,1999-06,False,50,lbfgs,,True,2187.4507276282893,-1087.7253638141447
SARIMAX_atual,1999-06,False,50,lbfgs,,True,2142.0992520669474,-1062.0496260334737
SARIMA_sem_exog,1999-07,True,37,lbfgs,,False,2197.6937325697545,-1092.8468662848773
SARIMAX_atual,1999-07,False,50,lbfgs,,True,2152.5548870331963,-1067.2774435165982
SARIMA_sem_exog,1999-08,True,35,lbfgs,,False,2207.92515324737,-1097.962576623685
SARIMAX_atual,1999-08,False,50,lbfgs,,True,2162.9919880221296,-1072.4959940110648
SARIMA_sem_exog,1999-09,False,50,lbfgs,,True,2218.0127505995424,-1103.0063752997712
SARIMAX_atual,1999-09,False,50,lbfgs,,True,2173.120337816523,-1077.5601689082614
SARIMA_sem_exog,1999-10,False,50,lbfgs,,True,2228.287710903734,-1108.143855451867
SARIMAX_atual,1999-10,False,50,lbfgs,,True,2183.7843439786557,-1082.8921719893278
SARIMA_sem_exog,1999-11,False,50,lbfgs,,True,2238.7301120362176,-1113.3650560181088
SARIMAX_atual,1999-11,False,50,lbfgs,,True,2194.7456742869317,-1088.3728371434659
SARIMA_sem_exog,1999-12,True,30,lbfgs,,False,2249.1377407026366,-1118.5688703513183
SARIMAX_atual,1999-12,False,50,lbfgs,,True,2204.946499496611,-1093.4732497483055
SARIMA_sem_exog,2000-01,False,50,lbfgs,,True,2261.1425121715665,-1124.5712560857833
SARIMAX_atual,2000-01,False,50,lbfgs,,True,2215.96173594951,-1098.980867974755
SARIMA_sem_exog,2000-02,True,31,lbfgs,,False,2272.744333548013,-1130.3721667740065
SARIMAX_atual,2000-02,False,50,lbfgs,,True,2226.7955142477945,-1104.3977571238972
SARIMA_sem_exog,2000-03,True,28,lbfgs,,False,2283.39727392666,-1135.69863696333
SARIMAX_atual,2000-03,False,50,lbfgs,,True,2238.090723484571,-1110.0453617422854
SARIMA_sem_exog,2000-04,False,50,lbfgs,,True,2299.029155363284,-1143.514577681642
SARIMAX_atual,2000-04,False,50,lbfgs,,True,2251.86992098567,-1116.934960492835
SARIMA_sem_exog,2000-05,True,47,lbfgs,,False,2309.1021954688017,-1148.5510977344009
SARIMAX_atual,2000-05,False,50,lbfgs,,True,2262.54312912766,-1122.27156456383
SARIMA_sem_exog,2000-06,True,39,lbfgs,,False,2319.252873548985,-1153.6264367744925
SARIMAX_atual,2000-06,False,50,lbfgs,,True,2272.855410449184,-1127.427705224592
SARIMA_sem_exog,2000-07,True,45,lbfgs,,False,2329.3140040277035,-1158.6570020138518
SARIMAX_atual,2000-07,False,50,lbfgs,,True,2282.2869164096332,-1132.1434582048166
SARIMA_sem_exog,2000-08,True,42,lbfgs,,False,2339.5053075266414,-1163.7526537633207
SARIMAX_atual,2000-08,False,50,lbfgs,,True,2292.650448694581,-1137.3252243472905
SARIMA_sem_exog,2000-09,True,42,lbfgs,,False,2349.6380035582497,-1168.8190017791248
SARIMAX_atual,2000-09,False,50,lbfgs,,True,2302.029304337175,-1142.0146521685874
SARIMA_sem_exog,2000-10,False,50,lbfgs,,True,2362.016067113417,-1175.0080335567086
SARIMAX_atual,2000-10,False,50,lbfgs,,True,2314.786848525227,-1148.3934242626135
SARIMA_sem_exog,2000-11,False,50,lbfgs,,True,2372.612413868731,-1180.3062069343655
SARIMAX_atual,2000-11,False,50,lbfgs,,True,2325.4901822471425,-1153.7450911235712
SARIMA_sem_exog,2000-12,True,42,lbfgs,,False,2382.9876049424265,-1185.4938024712133
SARIMAX_atual,2000-12,False,50,lbfgs,,True,2335.665840405876,-1158.832920202938
SARIMA_sem_exog,2001-01,True,40,lbfgs,,False,2394.1127741646064,-1191.0563870823032
SARIMAX_atual,2001-01,False,50,lbfgs,,True,2347.2786148914633,-1164.6393074457317
SARIMA_sem_exog,2001-02,True,34,lbfgs,,False,2405.4731739727686,-1196.7365869863843
SARIMAX_atual,2001-02,False,50,lbfgs,,True,2357.9192997004557,-1169.9596498502278
SARIMA_sem_exog,2001-03,False,50,lbfgs,,True,2416.0241959093555,-1202.0120979546778
SARIMAX_atual,2001-03,False,50,lbfgs,,True,2368.00796944198,-1175.00398472099
SARIMA_sem_exog,2001-04,False,50,lbfgs,,True,2426.092759375443,-1207.0463796877216
SARIMAX_atual,2001-04,False,50,lbfgs,,True,2378.298394610492,-1180.149197305246
SARIMA_sem_exog,2001-05,True,35,lbfgs,,False,2436.149006873978,-1212.074503436989
SARIMAX_atual,2001-05,False,50,lbfgs,,True,2388.185765427652,-1185.092882713826
SARIMA_sem_exog,2001-06,True,39,lbfgs,,False,2446.285527468576,-1217.142763734288
SARIMAX_atual,2001-06,False,50,lbfgs,,True,2398.1197544304537,-1190.0598772152268
SARIMA_sem_exog,2001-07,False,50,lbfgs,,True,2456.2945800511075,-1222.1472900255537
SARIMAX_atual,2001-07,False,50,lbfgs,,True,2408.068620109617,-1195.0343100548084
SARIMA_sem_exog,2001-08,False,50,lbfgs,,True,2466.3980362997145,-1227.1990181498572
SARIMAX_atual,2001-08,False,50,lbfgs,,True,2418.0823995195815,-1200.0411997597907
SARIMA_sem_exog,2001-09,True,38,lbfgs,,False,2476.9333528619113,-1232.4666764309557
SARIMAX_atual,2001-09,False,50,lbfgs,,True,2428.3625038847204,-1205.1812519423602
SARIMA_sem_exog,2001-10,False,50,lbfgs,,True,2487.2030587890918,-1237.6015293945459
SARIMAX_atual,2001-10,False,50,lbfgs,,True,2438.395952260621,-1210.1979761303105
SARIMA_sem_exog,2001-11,True,39,lbfgs,,False,2497.2797745106486,-1242.6398872553243
SARIMAX_atual,2001-11,False,50,lbfgs,,True,2448.4076977639866,-1215.2038488819933
SARIMA_sem_exog,2001-12,False,50,lbfgs,,True,2507.639371425356,-1247.819685712678
SARIMAX_atual,2001-12,False,50,lbfgs,,True,2458.637672750674,-1220.318836375337
SARIMA_sem_exog,2002-01,True,38,lbfgs,,False,2520.339714027684,-1254.169857013842
SARIMAX_atual,2002-01,False,50,lbfgs,,True,2470.9007194709784,-1226.4503597354892
SARIMA_sem_exog,2002-02,True,39,lbfgs,,False,2533.5551376972176,-1260.7775688486088
SARIMAX_atual,2002-02,False,50,lbfgs,,True,2484.224231453168,-1233.112115726584
SARIMA_sem_exog,2002-03,True,36,lbfgs,,False,2544.492957589514,-1266.246478794757
SARIMAX_atual,2002-03,False,50,lbfgs,,True,2495.6045182978496,-1238.8022591489248
SARIMA_sem_exog,2002-04,True,46,lbfgs,,False,2554.5520010467976,-1271.2760005233988
SARIMAX_atual,2002-04,False,50,lbfgs,,True,2505.569818422209,-1243.7849092111046
SARIMA_sem_exog,2002-05,True,39,lbfgs,,False,2565.0975586189807,-1276.5487793094903
SARIMAX_atual,2002-05,False,50,lbfgs,,True,2516.2262661825425,-1249.1131330912713
SARIMA_sem_exog,2002-06,False,50,lbfgs,,True,2575.122829593777,-1281.5614147968886
SARIMAX_atual,2002-06,False,50,lbfgs,,True,2526.0023610346016,-1254.0011805173008
SARIMA_sem_exog,2002-07,True,47,lbfgs,,False,2585.150160816133,-1286.5750804080665
SARIMAX_atual,2002-07,False,50,lbfgs,,True,2535.926889853149,-1258.9634449265745
SARIMA_sem_exog,2002-08,False,50,lbfgs,,True,2595.198248284586,-1291.599124142293
SARIMAX_atual,2002-08,False,50,lbfgs,,True,2545.834226345991,-1263.9171131729954
SARIMA_sem_exog,2002-09,False,50,lbfgs,,True,2605.2842404711855,-1296.6421202355928
SARIMAX_atual,2002-09,False,50,lbfgs,,True,2555.7687375599407,-1268.8843687799704
SARIMA_sem_exog,2002-10,True,44,lbfgs,,False,2617.1391217250393,-1302.5695608625197
SARIMAX_atual,2002-10,False,50,lbfgs,,True,2567.032949227047,-1274.5164746135235
SARIMA_sem_exog,2002-11,True,45,lbfgs,,False,2627.458032226221,-1307.7290161131104
SARIMAX_atual,2002-11,False,50,lbfgs,,True,2577.106638716202,-1279.553319358101
SARIMA_sem_exog,2002-12,False,50,lbfgs,,True,2637.3006897654986,-1312.6503448827493
SARIMAX_atual,2002-12,False,50,lbfgs,,True,2587.106764215142,-1284.553382107571
SARIMA_sem_exog,2003-01,False,50,lbfgs,,True,2648.8850821554597,-1318.4425410777299
SARIMAX_atual,2003-01,False,50,lbfgs,,True,2597.8633661181993,-1289.9316830590997
SARIMA_sem_exog,2003-02,True,39,lbfgs,,False,2663.050825580862,-1325.525412790431
SARIMAX_atual,2003-02,False,50,lbfgs,,True,2612.9302005350833,-1297.4651002675416
SARIMA_sem_exog,2003-03,True,38,lbfgs,,False,2673.2039320839144,-1330.6019660419572
SARIMAX_atual,2003-03,False,50,lbfgs,,True,2622.8231855509102,-1302.4115927754551
SARIMA_sem_exog,2003-04,True,41,lbfgs,,False,2683.4109194825924,-1335.7054597412962
SARIMAX_atual,2003-04,False,50,lbfgs,,True,2632.8668567494824,-1307.4334283747412
SARIMA_sem_exog,2003-05,True,34,lbfgs,,False,2693.5064474430988,-1340.7532237215494
SARIMAX_atual,2003-05,False,50,lbfgs,,True,2643.2098720819567,-1312.6049360409784
SARIMA_sem_exog,2003-06,True,33,lbfgs,,False,2703.537100398624,-1345.768550199312
SARIMAX_atual,2003-06,False,50,lbfgs,,True,2653.1158382441076,-1317.5579191220538
SARIMA_sem_exog,2003-07,True,36,lbfgs,,False,2713.5581451918506,-1350.7790725959253
SARIMAX_atual,2003-07,False,50,lbfgs,,True,2663.136830500075,-1322.5684152500376
SARIMA_sem_exog,2003-08,True,31,lbfgs,,False,2723.7552139668533,-1355.8776069834266
SARIMAX_atual,2003-08,False,50,lbfgs,,True,2673.085899636923,-1327.5429498184615
SARIMA_sem_exog,2003-09,True,31,lbfgs,,False,2733.8762313807383,-1360.9381156903692
SARIMAX_atual,2003-09,False,50,lbfgs,,True,2683.219251685672,-1332.609625842836
SARIMA_sem_exog,2003-10,True,34,lbfgs,,False,2744.616973830419,-1366.3084869152094
SARIMAX_atual,2003-10,False,50,lbfgs,,True,2694.2531325698187,-1338.1265662849094
SARIMA_sem_exog,2003-11,True,31,lbfgs,,False,2754.8744880502627,-1371.4372440251313
SARIMAX_atual,2003-11,False,50,lbfgs,,True,2704.298170171892,-1343.149085085946
SARIMA_sem_exog,2003-12,True,31,lbfgs,,False,2766.42659437677,-1377.213297188385
SARIMAX_atual,2003-12,False,50,lbfgs,,True,2716.0659042174602,-1349.0329521087301
SARIMA_sem_exog,2004-01,True,29,lbfgs,,False,2780.059749425673,-1384.0298747128365
SARIMAX_atual,2004-01,False,50,lbfgs,,True,2729.2667905757935,-1355.6333952878967
SARIMA_sem_exog,2004-02,True,33,lbfgs,,False,2797.093097679499,-1392.5465488397494
SARIMAX_atual,2004-02,False,50,lbfgs,,True,2747.23700118043,-1364.618500590215
SARIMA_sem_exog,2004-03,True,21,lbfgs,,False,2807.80934378393,-1397.904671891965
SARIMAX_atual,2004-03,False,50,lbfgs,,True,2758.4607518577927,-1370.2303759288964
SARIMA_sem_exog,2004-04,True,35,lbfgs,,False,2818.101380610486,-1403.050690305243
SARIMAX_atual,2004-04,False,50,lbfgs,,True,2768.222204865243,-1375.1111024326215
SARIMA_sem_exog,2004-05,True,33,lbfgs,,False,2828.6957976608032,-1408.3478988304016
SARIMAX_atual,2004-05,False,50,lbfgs,,True,2778.9457006470548,-1380.4728503235274
SARIMA_sem_exog,2004-06,True,35,lbfgs,,False,2838.7093538098725,-1413.3546769049362
SARIMAX_atual,2004-06,False,50,lbfgs,,True,2788.854147810309,-1385.4270739051544
SARIMA_sem_exog,2004-07,True,37,lbfgs,,False,2848.7408788743783,-1418.3704394371891
SARIMAX_atual,2004-07,False,50,lbfgs,,True,2798.736311909302,-1390.368155954651
SARIMA_sem_exog,2004-08,True,36,lbfgs,,False,2858.747198169085,-1423.3735990845425
SARIMAX_atual,2004-08,False,50,lbfgs,,True,2808.7525401322237,-1395.3762700661118
SARIMA_sem_exog,2004-09,True,35,lbfgs,,False,2869.028500674624,-1428.514250337312
SARIMAX_atual,2004-09,False,50,lbfgs,,True,2818.8111886321244,-1400.4055943160622
SARIMA_sem_exog,2004-10,True,36,lbfgs,,False,2879.028685154668,-1433.514342577334
SARIMAX_atual,2004-10,False,50,lbfgs,,True,2828.673517517458,-1405.336758758729
SARIMA_sem_exog,2004-11,True,38,lbfgs,,False,2890.535877240449,-1439.2679386202244
SARIMAX_atual,2004-11,False,50,lbfgs,,True,2839.557000219907,-1410.7785001099535
SARIMA_sem_exog,2004-12,True,37,lbfgs,,False,2900.9692794772027,-1444.4846397386013
SARIMAX_atual,2004-12,False,50,lbfgs,,True,2850.1690679073163,-1416.0845339536581
SARIMA_sem_exog,2005-01,True,38,lbfgs,,False,2911.0930021700697,-1449.5465010850348
SARIMAX_atual,2005-01,False,50,lbfgs,,True,2860.1802786080875,-1421.0901393040438
SARIMA_sem_exog,2005-02,True,44,lbfgs,,False,2921.304666211328,-1454.652333105664
SARIMAX_atual,2005-02,False,50,lbfgs,,True,2870.24685136829,-1426.123425684145
SARIMA_sem_exog,2005-03,True,45,lbfgs,,False,2941.0553767625856,-1464.5276883812928
SARIMAX_atual,2005-03,False,50,lbfgs,,True,2891.4013679638538,-1436.7006839819269
SARIMA_sem_exog,2005-04,True,43,lbfgs,,False,2951.6503794496703,-1469.8251897248351
SARIMAX_atual,2005-04,False,50,lbfgs,,True,2902.109479667865,-1442.0547398339324
SARIMA_sem_exog,2005-05,True,39,lbfgs,,False,2961.820150240994,-1474.910075120497
SARIMAX_atual,2005-05,False,50,lbfgs,,True,2912.4314526481594,-1447.2157263240797
SARIMA_sem_exog,2005-06,True,35,lbfgs,,False,2971.837646635774,-1479.918823317887
SARIMAX_atual,2005-06,False,50,lbfgs,,True,2922.245937510928,-1452.122968755464
SARIMA_sem_exog,2005-07,True,37,lbfgs,,False,2981.8574649543243,-1484.9287324771622
SARIMAX_atual,2005-07,False,50,lbfgs,,True,2931.540941683966,-1456.770470841983
SARIMA_sem_exog,2005-08,True,39,lbfgs,,False,2991.9059653669183,-1489.9529826834591
SARIMAX_atual,2005-08,False,50,lbfgs,,True,2941.3527988570477,-1461.6763994285238
SARIMA_sem_exog,2005-09,True,38,lbfgs,,False,3001.9132335635386,-1494.9566167817693
SARIMAX_atual,2005-09,False,50,lbfgs,,True,2951.902357055972,-1466.951178527986
SARIMA_sem_exog,2005-10,True,38,lbfgs,,False,3012.3511844148743,-1500.1755922074371
SARIMAX_atual,2005-10,False,50,lbfgs,,True,2962.239646406085,-1472.1198232030424
SARIMA_sem_exog,2005-11,True,38,lbfgs,,False,3022.6657547748355,-1505.3328773874177
SARIMAX_atual,2005-11,False,50,lbfgs,,True,2972.7784811413917,-1477.3892405706958
SARIMA_sem_exog,2005-12,True,37,lbfgs,,False,3032.684916166744,-1510.342458083372
SARIMAX_atual,2005-12,False,50,lbfgs,,True,2982.9570578936746,-1482.4785289468373
SARIMA_sem_exog,2006-01,True,34,lbfgs,,False,3043.1250255882824,-1515.5625127941412
SARIMAX_atual,2006-01,False,50,lbfgs,,True,2992.436952875871,-1487.2184764379356
SARIMA_sem_exog,2006-02,True,34,lbfgs,,False,3053.218255900491,-1520.6091279502455
SARIMAX_atual,2006-02,False,50,lbfgs,,True,3003.3945433065364,-1492.6972716532682
SARIMA_sem_exog,2006-03,True,29,lbfgs,,False,3068.4457821381393,-1528.2228910690696
SARIMAX_atual,2006-03,False,50,lbfgs,,True,3015.5519520716234,-1498.7759760358117
SARIMA_sem_exog,2006-04,True,47,lbfgs,,False,3095.0326617012165,-1541.5163308506083
SARIMAX_atual,2006-04,False,50,lbfgs,,True,3043.6566035312335,-1512.8283017656167
SARIMA_sem_exog,2006-05,True,48,lbfgs,,False,3105.441304778871,-1546.7206523894356
SARIMAX_atual,2006-05,False,50,lbfgs,,True,3054.7291617460396,-1518.3645808730198
SARIMA_sem_exog,2006-06,True,43,lbfgs,,False,3116.055895565001,-1552.0279477825004
SARIMAX_atual,2006-06,False,50,lbfgs,,True,3065.0368701033694,-1523.5184350516847
SARIMA_sem_exog,2006-07,False,50,lbfgs,,True,3126.058206811106,-1557.029103405553
SARIMAX_atual,2006-07,False,50,lbfgs,,True,3074.8511536680894,-1528.4255768340447
SARIMA_sem_exog,2006-08,False,50,lbfgs,,True,3136.1536947120676,-1562.0768473560338
SARIMAX_atual,2006-08,False,50,lbfgs,,True,3085.0215279281356,-1533.5107639640678
SARIMA_sem_exog,2006-09,False,50,lbfgs,,True,3146.393000328817,-1567.1965001644085
SARIMAX_atual,2006-09,False,50,lbfgs,,True,3095.071822797302,-1538.535911398651
SARIMA_sem_exog,2006-10,False,50,lbfgs,,True,3155.708882491632,-1571.854441245816
SARIMAX_atual,2006-10,False,50,lbfgs,,True,3105.1304750825916,-1543.5652375412958
SARIMA_sem_exog,2006-11,False,50,lbfgs,,True,3166.775171132015,-1577.3875855660076
SARIMAX_atual,2006-11,False,50,lbfgs,,True,3115.320007184263,-1548.6600035921315
SARIMA_sem_exog,2006-12,False,50,lbfgs,,True,3178.272621092391,-1583.1363105461955
SARIMAX_atual,2006-12,False,50,lbfgs,,True,3126.698580473885,-1554.3492902369426
SARIMA_sem_exog,2007-01,False,50,lbfgs,,True,3192.1480296870495,-1590.0740148435248
SARIMAX_atual,2007-01,False,50,lbfgs,,True,3140.1784710112242,-1561.0892355056121
SARIMA_sem_exog,2007-02,False,50,lbfgs,,True,3212.05223379574,-1600.02611689787
SARIMAX_atual,2007-02,False,50,lbfgs,,True,3159.189097122266,-1570.594548561133
SARIMA_sem_exog,2007-03,False,50,lbfgs,,True,3224.2422218190623,-1606.1211109095311
SARIMAX_atual,2007-03,False,50,lbfgs,,True,3170.773107271261,-1576.3865536356304
SARIMA_sem_exog,2007-04,False,50,lbfgs,,True,3236.9041744507326,-1612.4520872253663
SARIMAX_atual,2007-04,False,50,lbfgs,,True,3181.5955535171006,-1581.7977767585503
SARIMA_sem_exog,2007-05,False,50,lbfgs,,True,3245.458501512212,-1616.729250756106
SARIMAX_atual,2007-05,False,50,lbfgs,,True,3191.596349637268,-1586.798174818634
SARIMA_sem_exog,2007-06,True,26,lbfgs,,False,3260.616883652333,-1624.3084418261665
SARIMAX_atual,2007-06,False,50,lbfgs,,True,3204.7011708666605,-1593.3505854333303
SARIMA_sem_exog,2007-07,False,50,lbfgs,,True,3265.6538150050087,-1626.8269075025044
SARIMAX_atual,2007-07,False,50,lbfgs,,True,3211.958096416543,-1596.9790482082715
SARIMA_sem_exog,2007-08,False,50,lbfgs,,True,3275.755084228908,-1631.877542114454
SARIMAX_atual,2007-08,False,50,lbfgs,,True,3222.2301135918397,-1602.1150567959198
SARIMA_sem_exog,2007-09,False,50,lbfgs,,True,3285.951500309073,-1636.9757501545364
SARIMAX_atual,2007-09,False,50,lbfgs,,True,3232.5592949836214,-1607.2796474918107
SARIMA_sem_exog,2007-10,False,50,lbfgs,,True,3299.3068085269933,-1643.6534042634967
SARIMAX_atual,2007-10,False,50,lbfgs,,True,3246.7977295249298,-1614.3988647624649
SARIMA_sem_exog,2007-11,True,48,lbfgs,,False,3306.7000332888756,-1647.3500166444378
SARIMAX_atual,2007-11,False,50,lbfgs,,True,3254.5237898176256,-1618.2618949088128
SARIMA_sem_exog,2007-12,False,50,lbfgs,,True,3316.818529277622,-1652.409264638811
SARIMAX_atual,2007-12,False,50,lbfgs,,True,3264.952733162954,-1623.476366581477
SARIMA_sem_exog,2008-01,False,50,lbfgs,,True,3329.532488271874,-1658.766244135937
SARIMAX_atual,2008-01,False,50,lbfgs,,True,3275.9398922906057,-1628.9699461453029
SARIMA_sem_exog,2008-02,True,27,lbfgs,,False,3345.1402857547587,-1666.5701428773793
SARIMAX_atual,2008-02,False,50,lbfgs,,True,3289.902217797328,-1635.951108898664
SARIMA_sem_exog,2008-03,False,50,lbfgs,,True,3358.579972847504,-1673.289986423752
SARIMAX_atual,2008-03,False,50,lbfgs,,True,3308.6472845200406,-1645.3236422600203
SARIMA_sem_exog,2008-04,True,38,lbfgs,,False,3368.0684190745615,-1678.0342095372807
SARIMAX_atual,2008-04,False,50,lbfgs,,True,3312.579216813976,-1647.289608406988
SARIMA_sem_exog,2008-05,False,50,lbfgs,,True,3378.798791312459,-1683.3993956562294
SARIMAX_atual,2008-05,False,50,lbfgs,,True,3322.6902203087243,-1652.3451101543621
SARIMA_sem_exog,2008-06,False,50,lbfgs,,True,3388.9762119167594,-1688.4881059583797
SARIMAX_atual,2008-06,False,50,lbfgs,,True,3332.899416801393,-1657.4497084006964
SARIMA_sem_exog,2008-07,False,50,lbfgs,,True,3399.1640022775,-1693.58200113875
SARIMAX_atual,2008-07,False,50,lbfgs,,True,3343.0216659960097,-1662.5108329980048
SARIMA_sem_exog,2008-08,False,50,lbfgs,,True,3409.2906256992374,-1698.6453128496187
SARIMAX_atual,2008-08,False,50,lbfgs,,True,3353.239712679451,-1667.6198563397254
SARIMA_sem_exog,2008-09,True,48,lbfgs,,False,3419.5873545266813,-1703.7936772633407
SARIMAX_atual,2008-09,False,50,lbfgs,,True,3363.365722099674,-1672.682861049837
SARIMA_sem_exog,2008-10,True,44,lbfgs,,False,3429.7431382061586,-1708.8715691030793
SARIMAX_atual,2008-10,False,50,lbfgs,,True,3374.165153436411,-1678.0825767182055
SARIMA_sem_exog,2008-11,False,50,lbfgs,,True,3440.0083399393707,-1714.0041699696853
SARIMAX_atual,2008-11,False,50,lbfgs,,True,3383.7107617452857,-1682.8553808726429
SARIMA_sem_exog,2008-12,False,50,lbfgs,,True,3451.456742331551,-1719.7283711657756
SARIMAX_atual,2008-12,False,50,lbfgs,,True,3395.086094058141,-1688.5430470290705
SARIMA_sem_exog,2009-01,False,50,lbfgs,,True,3461.873750932727,-1724.9368754663635
SARIMAX_atual,2009-01,False,50,lbfgs,,True,3406.7538722717554,-1694.3769361358777
SARIMA_sem_exog,2009-02,True,43,lbfgs,,False,3471.950762349861,-1729.9753811749306
SARIMAX_atual,2009-02,False,50,lbfgs,,True,3415.5307682841412,-1698.7653841420706
SARIMA_sem_exog,2009-03,False,50,lbfgs,,True,3482.9684947036676,-1735.4842473518338
SARIMAX_atual,2009-03,False,50,lbfgs,,True,3428.074536559342,-1705.037268279671
SARIMA_sem_exog,2009-04,False,50,lbfgs,,True,3504.1708887854193,-1746.0854443927096
SARIMAX_atual,2009-04,False,50,lbfgs,,True,3446.2006096428186,-1714.1003048214093
SARIMA_sem_exog,2009-05,True,32,lbfgs,,False,3519.2704713435455,-1753.6352356717728
SARIMAX_atual,2009-05,False,50,lbfgs,,True,3464.2648495770345,-1723.1324247885173
SARIMA_sem_exog,2009-06,True,24,lbfgs,,False,3529.541671420473,-1758.7708357102365
SARIMAX_atual,2009-06,False,50,lbfgs,,True,3474.331013968571,-1728.1655069842855
SARIMA_sem_exog,2009-07,True,28,lbfgs,,False,3539.712259134866,-1763.856129567433
SARIMAX_atual,2009-07,False,50,lbfgs,,True,3484.339467389394,-1733.169733694697
SARIMA_sem_exog,2009-08,True,37,lbfgs,,False,3549.8812228965226,-1768.9406114482613
SARIMAX_atual,2009-08,False,50,lbfgs,,True,3494.604177545495,-1738.3020887727475
SARIMA_sem_exog,2009-09,True,29,lbfgs,,False,3560.2565854026584,-1774.1282927013292
SARIMAX_atual,2009-09,False,50,lbfgs,,True,3504.6184701993575,-1743.3092350996787
SARIMA_sem_exog,2009-10,True,29,lbfgs,,False,3570.557766667667,-1779.2788833338334
SARIMAX_atual,2009-10,False,50,lbfgs,,True,3514.6108069376346,-1748.3054034688173
SARIMA_sem_exog,2009-11,True,36,lbfgs,,False,3581.8243516382986,-1784.9121758191493
SARIMAX_atual,2009-11,False,50,lbfgs,,True,3525.940837427826,-1753.970418713913
SARIMA_sem_exog,2009-12,True,34,lbfgs,,False,3591.9550201719812,-1789.9775100859906
SARIMAX_atual,2009-12,False,50,lbfgs,,True,3535.795595528052,-1758.897797764026
SARIMA_sem_exog,2010-01,True,36,lbfgs,,False,3602.195355992526,-1795.097677996263
SARIMAX_atual,2010-01,False,50,lbfgs,,True,3546.4497003311812,-1764.2248501655906
SARIMA_sem_exog,2010-02,True,34,lbfgs,,False,3612.451009851688,-1800.225504925844
SARIMAX_atual,2010-02,False,50,lbfgs,,True,3556.281142939554,-1769.140571469777
SARIMA_sem_exog,2010-03,True,30,lbfgs,,False,3629.1533407847533,-1808.5766703923766
SARIMAX_atual,2010-03,False,50,lbfgs,,True,3570.3199334720166,-1776.1599667360083
SARIMA_sem_exog,2010-04,True,36,lbfgs,,False,3639.2860636829496,-1813.6430318414748
SARIMAX_atual,2010-04,False,50,lbfgs,,True,3580.3001980473773,-1781.1500990236887
SARIMA_sem_exog,2010-05,True,28,lbfgs,,False,3649.5255626313456,-1818.7627813156728
SARIMAX_atual,2010-05,False,50,lbfgs,,True,3590.528386190406,-1786.264193095203
SARIMA_sem_exog,2010-06,True,31,lbfgs,,False,3659.6974445642427,-1823.8487222821213
SARIMAX_atual,2010-06,False,50,lbfgs,,True,3601.348372635425,-1791.6741863177126
SARIMA_sem_exog,2010-07,True,34,lbfgs,,False,3669.825751769038,-1828.912875884519
SARIMAX_atual,2010-07,False,50,lbfgs,,True,3610.8416028111906,-1796.4208014055953
SARIMA_sem_exog,2010-08,True,34,lbfgs,,False,3679.943712184717,-1833.9718560923584
SARIMAX_atual,2010-08,False,50,lbfgs,,True,3621.6063228133835,-1801.8031614066917
SARIMA_sem_exog,2010-09,True,31,lbfgs,,False,3690.1869940008555,-1839.0934970004278
SARIMAX_atual,2010-09,False,50,lbfgs,,True,3631.184874442646,-1806.592437221323
SARIMA_sem_exog,2010-10,True,30,lbfgs,,False,3700.7298660319084,-1844.3649330159542
SARIMAX_atual,2010-10,False,50,lbfgs,,True,3642.338112550323,-1812.1690562751614
SARIMA_sem_exog,2010-11,True,33,lbfgs,,False,3710.840320334981,-1849.4201601674904
SARIMAX_atual,2010-11,False,50,lbfgs,,True,3651.4288836292453,-1816.7144418146227
SARIMA_sem_exog,2010-12,True,30,lbfgs,,False,3721.351657296195,-1854.6758286480974
SARIMAX_atual,2010-12,False,50,lbfgs,,True,3663.132704585302,-1822.566352292651
SARIMA_sem_exog,2011-01,True,29,lbfgs,,False,3731.522506434386,-1859.761253217193
SARIMAX_atual,2011-01,False,50,lbfgs,,True,3673.4022693520847,-1827.7011346760423
SARIMA_sem_exog,2011-02,True,42,lbfgs,,False,3742.2514594125087,-1865.1257297062543
SARIMAX_atual,2011-02,False,50,lbfgs,,True,3683.3591177005082,-1832.6795588502541
SARIMA_sem_exog,2011-03,True,45,lbfgs,,False,3752.486920293012,-1870.243460146506
SARIMAX_atual,2011-03,False,50,lbfgs,,True,3694.2808031154623,-1838.1404015577311
SARIMA_sem_exog,2011-04,True,45,lbfgs,,False,3762.5854204873167,-1875.2927102436583
SARIMAX_atual,2011-04,False,50,lbfgs,,True,3704.4749016056003,-1843.2374508028001
SARIMA_sem_exog,2011-05,True,46,lbfgs,,False,3772.7413521716717,-1880.3706760858358
SARIMAX_atual,2011-05,False,50,lbfgs,,True,3714.8066274505018,-1848.4033137252509
SARIMA_sem_exog,2011-06,True,44,lbfgs,,False,3782.836931843996,-1885.418465921998
SARIMAX_atual,2011-06,False,50,lbfgs,,True,3724.8518058865557,-1853.4259029432778
SARIMA_sem_exog,2011-07,True,40,lbfgs,,False,3792.9306744550204,-1890.4653372275102
SARIMAX_atual,2011-07,False,50,lbfgs,,True,3734.8813323986496,-1858.4406661993248
SARIMA_sem_exog,2011-08,True,44,lbfgs,,False,3803.017244669584,-1895.508622334792
SARIMAX_atual,2011-08,False,50,lbfgs,,True,3744.768973886332,-1863.384486943166
SARIMA_sem_exog,2011-09,True,41,lbfgs,,False,3813.2017879568266,-1900.6008939784133
SARIMAX_atual,2011-09,False,50,lbfgs,,True,3754.904203986402,-1868.452101993201
SARIMA_sem_exog,2011-10,True,41,lbfgs,,False,3825.6019847089447,-1906.8009923544723
SARIMAX_atual,2011-10,False,50,lbfgs,,True,3768.105874812164,-1875.052937406082
SARIMA_sem_exog,2011-11,True,42,lbfgs,,False,3836.039614547759,-1912.0198072738795
SARIMAX_atual,2011-11,False,50,lbfgs,,True,3778.2447182948263,-1880.1223591474131
SARIMA_sem_exog,2011-12,False,50,lbfgs,,True,3848.2051077616998,-1918.1025538808499
SARIMAX_atual,2011-12,False,50,lbfgs,,True,3789.564606976821,-1885.7823034884104
SARIMA_sem_exog,2012-01,False,50,lbfgs,,True,3859.203050119607,-1923.6015250598034
SARIMAX_atual,2012-01,False,50,lbfgs,,True,3800.281654635946,-1891.140827317973
SARIMA_sem_exog,2012-02,True,43,lbfgs,,False,3869.09449109746,-1928.54724554873
SARIMAX_atual,2012-02,False,50,lbfgs,,True,3810.7895360896464,-1896.3947680448232
SARIMA_sem_exog,2012-03,True,43,lbfgs,,False,3883.179275763767,-1935.5896378818834
SARIMAX_atual,2012-03,False,50,lbfgs,,True,3824.4983151963906,-1903.2491575981953
SARIMA_sem_exog,2012-04,True,40,lbfgs,,False,3897.2616598460163,-1942.6308299230082
SARIMAX_atual,2012-04,False,50,lbfgs,,True,3839.9161418663907,-1910.9580709331954
SARIMA_sem_exog,2012-05,True,36,lbfgs,,False,3908.0859567855746,-1948.0429783927873
SARIMAX_atual,2012-05,False,50,lbfgs,,True,3853.9943258255134,-1917.9971629127567
SARIMA_sem_exog,2012-06,True,37,lbfgs,,False,3918.3851312261545,-1953.1925656130772
SARIMAX_atual,2012-06,False,50,lbfgs,,True,3862.517083429261,-1922.2585417146306
SARIMA_sem_exog,2012-07,True,36,lbfgs,,False,3928.537763133222,-1958.268881566611
SARIMAX_atual,2012-07,False,50,lbfgs,,True,3872.26335879017,-1927.131679395085
SARIMA_sem_exog,2012-08,True,35,lbfgs,,False,3938.629259823666,-1963.314629911833
SARIMAX_atual,2012-08,False,50,lbfgs,,True,3882.0350485894987,-1932.0175242947494
SARIMA_sem_exog,2012-09,True,35,lbfgs,,False,3948.71712093711,-1968.358560468555
SARIMAX_atual,2012-09,False,50,lbfgs,,True,3892.413280148396,-1937.206640074198
SARIMA_sem_exog,2012-10,True,33,lbfgs,,False,3958.8841943306293,-1973.4420971653146
SARIMAX_atual,2012-10,False,50,lbfgs,,True,3902.276281428308,-1942.138140714154
SARIMA_sem_exog,2012-11,True,36,lbfgs,,False,3969.958590400788,-1978.979295200394
SARIMAX_atual,2012-11,False,50,lbfgs,,True,3917.700696704249,-1949.8503483521245
SARIMA_sem_exog,2012-12,True,39,lbfgs,,False,3980.4315643544887,-1984.2157821772444
SARIMAX_atual,2012-12,False,50,lbfgs,,True,3925.0010866929138,-1953.5005433464569
SARIMA_sem_exog,2013-01,True,42,lbfgs,,False,3991.830327709493,-1989.9151638547464
SARIMAX_atual,2013-01,False,50,lbfgs,,True,3936.268942938728,-1959.134471469364
SARIMA_sem_exog,2013-02,True,48,lbfgs,,False,4004.8211720430354,-1996.4105860215177
SARIMAX_atual,2013-02,False,50,lbfgs,,True,3951.761478102456,-1966.880739051228
SARIMA_sem_exog,2013-03,False,50,lbfgs,,True,4021.715262652948,-2004.857631326474
SARIMAX_atual,2013-03,False,50,lbfgs,,True,3964.077738678414,-1973.038869339207
SARIMA_sem_exog,2013-04,True,41,lbfgs,,False,4031.1139128080285,-2009.5569564040143
SARIMAX_atual,2013-04,False,50,lbfgs,,True,3975.9317834672,-1978.9658917336
SARIMA_sem_exog,2013-05,True,42,lbfgs,,False,4041.315995052154,-2014.657997526077
SARIMAX_atual,2013-05,False,50,lbfgs,,True,3985.0809262277094,-1983.5404631138547
SARIMA_sem_exog,2013-06,True,44,lbfgs,,False,4051.545595881329,-2019.7727979406645
SARIMAX_atual,2013-06,False,50,lbfgs,,True,3996.172670828232,-1989.086335414116
SARIMA_sem_exog,2013-07,True,42,lbfgs,,False,4061.642430723026,-2024.821215361513
SARIMAX_atual,2013-07,False,50,lbfgs,,True,4006.1177755096187,-1994.0588877548093
SARIMA_sem_exog,2013-08,True,44,lbfgs,,False,4071.728224194969,-2029.8641120974844
SARIMAX_atual,2013-08,False,50,lbfgs,,True,4016.0351789723654,-1999.0175894861827
SARIMA_sem_exog,2013-09,True,41,lbfgs,,False,4082.096006544142,-2035.048003272071
SARIMAX_atual,2013-09,False,50,lbfgs,,True,4025.5013384509953,-2003.7506692254976
SARIMA_sem_exog,2013-10,True,45,lbfgs,,False,4092.244733943341,-2040.1223669716705
SARIMAX_atual,2013-10,False,50,lbfgs,,True,4036.09253989616,-2009.04626994808
SARIMA_sem_exog,2013-11,False,50,lbfgs,,True,4102.331829276187,-2045.1659146380937
SARIMAX_atual,2013-11,False,50,lbfgs,,True,4048.4983264943767,-2015.2491632471883
SARIMA_sem_exog,2013-12,False,50,lbfgs,,True,4112.703602213873,-2050.3518011069364
SARIMAX_atual,2013-12,False,50,lbfgs,,True,4057.31295453682,-2019.65647726841
SARIMA_sem_exog,2014-01,False,50,lbfgs,,True,4125.931780442316,-2056.965890221158
SARIMAX_atual,2014-01,False,50,lbfgs,,True,4070.593125195149,-2026.2965625975744
SARIMA_sem_exog,2014-02,True,38,lbfgs,,False,4138.678548566804,-2063.339274283402
SARIMAX_atual,2014-02,False,50,lbfgs,,True,4084.0556831085432,-2033.0278415542716
SARIMA_sem_exog,2014-03,True,27,lbfgs,,False,4149.421088988776,-2068.710544494388
SARIMAX_atual,2014-03,False,50,lbfgs,,True,4094.8572743137393,-2038.4286371568696
SARIMA_sem_exog,2014-04,False,50,lbfgs,,True,4160.835243906333,-2074.4176219531664
SARIMAX_atual,2014-04,False,50,lbfgs,,True,4105.296331581843,-2043.6481657909217
SARIMA_sem_exog,2014-05,True,48,lbfgs,,False,4169.774924017489,-2078.8874620087445
SARIMAX_atual,2014-05,False,50,lbfgs,,True,4115.487168227301,-2048.7435841136503
SARIMA_sem_exog,2014-06,True,49,lbfgs,,False,4179.913157603842,-2083.956578801921
SARIMAX_atual,2014-06,False,50,lbfgs,,True,4125.3594272400205,-2053.6797136200103
SARIMA_sem_exog,2014-07,True,46,lbfgs,,False,4190.006543812457,-2089.0032719062283
SARIMAX_atual,2014-07,False,50,lbfgs,,True,4135.217854189776,-2058.608927094888
SARIMA_sem_exog,2014-08,False,50,lbfgs,,True,4199.314600123444,-2093.657300061722
SARIMAX_atual,2014-08,False,50,lbfgs,,True,4145.1814298596955,-2063.5907149298478
SARIMA_sem_exog,2014-09,True,38,lbfgs,,False,4210.219138134676,-2099.109569067338
SARIMAX_atual,2014-09,False,50,lbfgs,,True,4155.103091573231,-2068.5515457866154
SARIMA_sem_exog,2014-10,True,35,lbfgs,,False,4220.557396162487,-2104.2786980812434
SARIMAX_atual,2014-10,False,50,lbfgs,,True,4164.920454456416,-2073.460227228208
SARIMA_sem_exog,2014-11,False,50,lbfgs,,True,4230.186886951272,-2109.093443475636
SARIMAX_atual,2014-11,False,50,lbfgs,,True,4175.47872835552,-2078.73936417776
SARIMA_sem_exog,2014-12,False,50,lbfgs,,True,4241.53777124812,-2114.76888562406
SARIMAX_atual,2014-12,False,50,lbfgs,,True,4185.350479756104,-2083.675239878052
SARIMA_sem_exog,2015-01,True,42,lbfgs,,False,4251.338167667358,-2119.669083833679
SARIMAX_atual,2015-01,False,50,lbfgs,,True,4196.0716791991645,-2089.0358395995822
SARIMA_sem_exog,2015-02,True,47,lbfgs,,False,4261.697889536886,-2124.848944768443
SARIMAX_atual,2015-02,False,50,lbfgs,,True,4205.577504354683,-2093.7887521773414
SARIMA_sem_exog,2015-03,False,50,lbfgs,,True,4272.184308833819,-2130.0921544169096
SARIMAX_atual,2015-03,False,50,lbfgs,,True,4217.208415993017,-2099.6042079965086
SARIMA_sem_exog,2015-04,False,50,lbfgs,,True,4284.739652990997,-2136.3698264954983
SARIMAX_atual,2015-04,False,50,lbfgs,,True,4228.891469664543,-2105.4457348322717
SARIMA_sem_exog,2015-05,False,50,lbfgs,,True,4294.810641625394,-2141.405320812697
SARIMAX_atual,2015-05,False,50,lbfgs,,True,4238.76311917897,-2110.381559589485
SARIMA_sem_exog,2015-06,False,50,lbfgs,,True,4304.864629858594,-2146.432314929297
SARIMAX_atual,2015-06,False,50,lbfgs,,True,4248.737401556424,-2115.368700778212
SARIMA_sem_exog,2015-07,False,50,lbfgs,,True,4314.940675211657,-2151.4703376058287
SARIMAX_atual,2015-07,False,50,lbfgs,,True,4258.706694393972,-2120.353347196986
SARIMA_sem_exog,2015-08,False,50,lbfgs,,True,4323.94498050258,-2155.97249025129
SARIMAX_atual,2015-08,False,50,lbfgs,,True,4269.1565229320295,-2125.5782614660147
SARIMA_sem_exog,2015-09,True,44,lbfgs,,False,4335.271919109507,-2161.6359595547533
SARIMAX_atual,2015-09,False,50,lbfgs,,True,4278.836702015929,-2130.4183510079647
SARIMA_sem_exog,2015-10,False,50,lbfgs,,True,4346.9789354339855,-2167.4894677169927
SARIMAX_atual,2015-10,False,50,lbfgs,,True,4289.040327036974,-2135.520163518487
SARIMA_sem_exog,2015-11,False,50,lbfgs,,True,4360.50082078743,-2174.250410393715
SARIMAX_atual,2015-11,False,50,lbfgs,,True,4300.952239719778,-2141.476119859889
SARIMA_sem_exog,2015-12,False,50,lbfgs,,True,4372.282852641923,-2180.1414263209613
SARIMAX_atual,2015-12,False,50,lbfgs,,True,4313.758992610716,-2147.879496305358
SARIMA_sem_exog,2016-01,False,50,lbfgs,,True,4384.857483757982,-2186.428741878991
SARIMAX_atual,2016-01,False,50,lbfgs,,True,4324.177567864135,-2153.0887839320676
SARIMA_sem_exog,2016-02,False,50,lbfgs,,True,4400.373172343112,-2194.186586171556
SARIMAX_atual,2016-02,False,50,lbfgs,,True,4336.256618902751,-2159.1283094513756
SARIMA_sem_exog,2016-03,False,50,lbfgs,,True,4408.694234735243,-2198.3471173676216
SARIMAX_atual,2016-03,False,50,lbfgs,,True,4348.701969067304,-2165.350984533652
SARIMA_sem_exog,2016-04,False,50,lbfgs,,True,4420.91544106877,-2204.457720534385
SARIMAX_atual,2016-04,False,50,lbfgs,,True,4358.688806316517,-2170.3444031582585
SARIMA_sem_exog,2016-05,True,47,lbfgs,,False,4431.047962583084,-2209.523981291542
SARIMAX_atual,2016-05,False,50,lbfgs,,True,4368.779161889391,-2175.3895809446954
SARIMA_sem_exog,2016-06,False,50,lbfgs,,True,4441.058868393959,-2214.5294341969793
SARIMAX_atual,2016-06,False,50,lbfgs,,True,4378.849413539352,-2180.424706769676
SARIMA_sem_exog,2016-07,False,50,lbfgs,,True,4451.113923258912,-2219.556961629456
SARIMAX_atual,2016-07,False,50,lbfgs,,True,4388.736592667416,-2185.368296333708
SARIMA_sem_exog,2016-08,False,50,lbfgs,,True,4461.134099832823,-2224.5670499164116
SARIMAX_atual,2016-08,False,50,lbfgs,,True,4398.648347394888,-2190.324173697444
SARIMA_sem_exog,2016-09,True,49,lbfgs,,False,4471.356950076148,-2229.678475038074
SARIMAX_atual,2016-09,False,50,lbfgs,,True,4408.6246570418025,-2195.3123285209012
SARIMA_sem_exog,2016-10,True,48,lbfgs,,False,4481.777539171523,-2234.8887695857616
SARIMAX_atual,2016-10,False,50,lbfgs,,True,4418.73630722977,-2200.368153614885
SARIMA_sem_exog,2016-11,True,45,lbfgs,,False,4491.89832795095,-2239.949163975475
SARIMAX_atual,2016-11,False,50,lbfgs,,True,4428.7315158486945,-2205.3657579243472
SARIMA_sem_exog,2016-12,True,40,lbfgs,,False,4503.276339851016,-2245.638169925508
SARIMAX_atual,2016-12,False,50,lbfgs,,True,4440.977189402787,-2211.4885947013936
SARIMA_sem_exog,2017-01,True,32,lbfgs,,False,4513.329010179205,-2250.6645050896027
SARIMAX_atual,2017-01,False,50,lbfgs,,True,4451.069064144179,-2216.5345320720894
SARIMA_sem_exog,2017-02,False,50,lbfgs,,True,4542.273418670414,-2265.136709335207
SARIMAX_atual,2017-02,False,50,lbfgs,,True,4476.206199894708,-2229.103099947354
SARIMA_sem_exog,2017-03,False,50,lbfgs,,True,4551.964201394591,-2269.9821006972957
SARIMAX_atual,2017-03,False,50,lbfgs,,True,4483.626829059384,-2232.813414529692
SARIMA_sem_exog,2017-04,False,50,lbfgs,,True,4563.135729411428,-2275.567864705714
SARIMAX_atual,2017-04,False,50,lbfgs,,True,4499.150450837144,-2240.575225418572
SARIMA_sem_exog,2017-05,False,50,lbfgs,,True,4573.255681803959,-2280.6278409019797
SARIMAX_atual,2017-05,False,50,lbfgs,,True,4508.825608957421,-2245.4128044787103
SARIMA_sem_exog,2017-06,False,50,lbfgs,,True,4583.425657011237,-2285.7128285056183
SARIMAX_atual,2017-06,False,50,lbfgs,,True,4515.178600335057,-2248.5893001675286
SARIMA_sem_exog,2017-07,False,50,lbfgs,,True,4593.482582309877,-2290.7412911549386
SARIMAX_atual,2017-07,False,50,lbfgs,,True,4528.534239816376,-2255.267119908188
SARIMA_sem_exog,2017-08,False,50,lbfgs,,True,4603.542169804227,-2295.7710849021137
SARIMAX_atual,2017-08,False,50,lbfgs,,True,4537.794936479248,-2259.897468239624
SARIMA_sem_exog,2017-09,False,50,lbfgs,,True,4613.907546105284,-2300.953773052642
SARIMAX_atual,2017-09,False,50,lbfgs,,True,4545.5490212545465,-2263.7745106272732
SARIMA_sem_exog,2017-10,False,50,lbfgs,,True,4624.773060864204,-2306.386530432102
SARIMAX_atual,2017-10,False,50,lbfgs,,True,4556.043783829449,-2269.0218919147246
SARIMA_sem_exog,2017-11,False,50,lbfgs,,True,4635.232571818723,-2311.6162859093615
SARIMAX_atual,2017-11,False,50,lbfgs,,True,4569.806940855843,-2275.9034704279215
SARIMA_sem_exog,2017-12,False,50,lbfgs,,True,4644.067616436523,-2316.0338082182616
SARIMAX_atual,2017-12,False,50,lbfgs,,True,4577.561818911215,-2279.7809094556073
SARIMA_sem_exog,2018-01,False,50,lbfgs,,True,4654.1055594322315,-2321.0527797161158
SARIMAX_atual,2018-01,False,50,lbfgs,,True,4592.350080078806,-2287.175040039403
SARIMA_sem_exog,2018-02,False,50,lbfgs,,True,4669.5093272419745,-2328.7546636209872
SARIMAX_atual,2018-02,False,50,lbfgs,,True,4599.167130934931,-2290.5835654674656
SARIMA_sem_exog,2018-03,False,50,lbfgs,,True,4680.977472755493,-2334.4887363777466
SARIMAX_atual,2018-03,False,50,lbfgs,,True,4609.381050929901,-2295.6905254649505
SARIMA_sem_exog,2018-04,False,50,lbfgs,,True,4691.307536348806,-2339.653768174403
SARIMAX_atual,2018-04,False,50,lbfgs,,True,4619.3249694138685,-2300.6624847069343
SARIMA_sem_exog,2018-05,True,47,lbfgs,,False,4701.952384565229,-2344.9761922826146
SARIMAX_atual,2018-05,False,50,lbfgs,,True,4630.297736340637,-2306.1488681703186
SARIMA_sem_exog,2018-06,True,47,lbfgs,,False,4712.027749291361,-2350.0138746456805
SARIMAX_atual,2018-06,False,50,lbfgs,,True,4640.675739001016,-2311.337869500508
SARIMA_sem_exog,2018-07,True,46,lbfgs,,False,4722.071916441541,-2355.0359582207707
SARIMAX_atual,2018-07,False,50,lbfgs,,True,4649.949185391058,-2315.974592695529
SARIMA_sem_exog,2018-08,False,50,lbfgs,,True,4732.121608133741,-2360.0608040668703
SARIMAX_atual,2018-08,False,50,lbfgs,,True,4659.869181244856,-2320.934590622428
SARIMA_sem_exog,2018-09,True,44,lbfgs,,False,4742.18492182215,-2365.092460911075
SARIMAX_atual,2018-09,False,50,lbfgs,,True,4671.476059309351,-2326.7380296546753
SARIMA_sem_exog,2018-10,True,43,lbfgs,,False,4752.287448011948,-2370.143724005974
SARIMAX_atual,2018-10,False,50,lbfgs,,True,4680.138393799439,-2331.0691968997194
SARIMA_sem_exog,2018-11,True,44,lbfgs,,False,4763.687534021009,-2375.8437670105045
SARIMAX_atual,2018-11,False,50,lbfgs,,True,4692.623686069924,-2337.311843034962
SARIMA_sem_exog,2018-12,True,46,lbfgs,,False,4773.873625401166,-2380.936812700583
SARIMAX_atual,2018-12,False,50,lbfgs,,True,4703.8658799431105,-2342.9329399715552
SARIMA_sem_exog,2019-01,True,44,lbfgs,,False,4784.82841652005,-2386.414208260025
SARIMAX_atual,2019-01,False,50,lbfgs,,True,4713.647373875288,-2347.823686937644
SARIMA_sem_exog,2019-02,False,50,lbfgs,,True,4796.096137958217,-2392.0480689791084
SARIMAX_atual,2019-02,False,50,lbfgs,,True,4723.6535231250045,-2352.8267615625023
SARIMA_sem_exog,2019-03,True,47,lbfgs,,False,4808.981940016409,-2398.4909700082044
SARIMAX_atual,2019-03,False,50,lbfgs,,True,4738.202419508695,-2360.1012097543476
SARIMA_sem_exog,2019-04,False,50,lbfgs,,True,4819.076290349713,-2403.5381451748567
SARIMAX_atual,2019-04,False,50,lbfgs,,True,4748.223933128843,-2365.1119665644214
SARIMA_sem_exog,2019-05,False,50,lbfgs,,True,4829.693391921976,-2408.846695960988
SARIMAX_atual,2019-05,False,50,lbfgs,,True,4760.563308478366,-2371.281654239183
SARIMA_sem_exog,2019-06,False,50,lbfgs,,True,4839.775754682831,-2413.8878773414153
SARIMAX_atual,2019-06,False,50,lbfgs,,True,4770.267964231817,-2376.1339821159086
SARIMA_sem_exog,2019-07,False,50,lbfgs,,True,4849.848032534082,-2418.924016267041
SARIMAX_atual,2019-07,False,50,lbfgs,,True,4778.741024292203,-2380.3705121461016
SARIMA_sem_exog,2019-08,False,50,lbfgs,,True,4859.874012608923,-2423.9370063044616
SARIMAX_atual,2019-08,False,50,lbfgs,,True,4788.6495287651305,-2385.3247643825653
SARIMA_sem_exog,2019-09,False,50,lbfgs,,True,4870.204560102621,-2429.1022800513106
SARIMAX_atual,2019-09,False,50,lbfgs,,True,4800.265150201838,-2391.132575100919
SARIMA_sem_exog,2019-10,True,49,lbfgs,,False,4880.2670854775915,-2434.1335427387958
SARIMAX_atual,2019-10,False,50,lbfgs,,True,4810.20201773675,-2396.101008868375
SARIMA_sem_exog,2019-11,False,50,lbfgs,,True,4890.315704906103,-2439.1578524530514
SARIMAX_atual,2019-11,False,50,lbfgs,,True,4820.29397312565,-2401.146986562825
SARIMA_sem_exog,2019-12,False,50,lbfgs,,True,4902.718825377817,-2445.3594126889084
SARIMAX_atual,2019-12,False,50,lbfgs,,True,4831.580537346007,-2406.7902686730035
SARIMA_sem_exog,2020-01,False,50,lbfgs,,True,4912.69865599371,-2450.349327996855
SARIMAX_atual,2020-01,False,50,lbfgs,,True,4841.266445465395,-2411.6332227326975
SARIMA_sem_exog,2020-02,False,50,lbfgs,,True,4920.540161154051,-2454.2700805770255
SARIMAX_atual,2020-02,False,50,lbfgs,,True,4851.180179026948,-2416.590089513474
SARIMA_sem_exog,2020-03,False,50,lbfgs,,True,4936.264596508355,-2462.1322982541774
SARIMAX_atual,2020-03,False,50,lbfgs,,True,4864.031662338601,-2423.0158311693003
SARIMA_sem_exog,2020-04,True,36,lbfgs,,False,4963.149902310031,-2475.5749511550157
SARIMAX_atual,2020-04,False,50,lbfgs,,True,4895.746704226945,-2438.8733521134727
SARIMA_sem_exog,2020-05,False,50,lbfgs,,True,4969.214181460828,-2478.607090730414
SARIMAX_atual,2020-05,False,50,lbfgs,,True,4905.829624255675,-2443.9148121278376
SARIMA_sem_exog,2020-06,True,39,lbfgs,,False,4983.672679724983,-2485.8363398624915
SARIMAX_atual,2020-06,False,50,lbfgs,,True,4915.905723414844,-2448.952861707422
SARIMA_sem_exog,2020-07,False,50,lbfgs,,True,4989.687036011073,-2488.8435180055367
SARIMAX_atual,2020-07,False,50,lbfgs,,True,4925.678489883963,-2453.8392449419816
SARIMA_sem_exog,2020-08,False,50,lbfgs,,True,5000.852398535025,-2494.4261992675124
SARIMAX_atual,2020-08,False,50,lbfgs,,True,4935.214928515973,-2458.6074642579865
SARIMA_sem_exog,2020-09,False,50,lbfgs,,True,5012.213852267667,-2500.1069261338334
SARIMAX_atual,2020-09,False,50,lbfgs,,True,4945.643973449889,-2463.8219867249445
SARIMA_sem_exog,2020-10,False,50,lbfgs,,True,5020.374993295452,-2504.187496647726
SARIMAX_atual,2020-10,False,50,lbfgs,,True,4955.342056510219,-2468.6710282551094
SARIMA_sem_exog,2020-11,False,50,lbfgs,,True,5030.4114400527205,-2509.2057200263603
SARIMAX_atual,2020-11,False,50,lbfgs,,True,4965.34921526611,-2473.674607633055
SARIMA_sem_exog,2020-12,True,34,lbfgs,,False,5045.206134837867,-2516.6030674189333
SARIMAX_atual,2020-12,False,50,lbfgs,,True,4975.64575756365,-2478.822878781825
SARIMA_sem_exog,2021-01,True,44,lbfgs,,False,5052.6414113983365,-2520.3207056991682
SARIMAX_atual,2021-01,False,50,lbfgs,,True,4988.186513398843,-2485.0932566994215
SARIMA_sem_exog,2021-02,True,38,lbfgs,,False,5063.550805049101,-2525.7754025245504
SARIMAX_atual,2021-02,False,50,lbfgs,,True,4999.040531468635,-2490.5202657343175
SARIMA_sem_exog,2021-03,True,36,lbfgs,,False,5074.654680072341,-2531.3273400361704
SARIMAX_atual,2021-03,False,50,lbfgs,,True,5009.331551490339,-2495.6657757451694
SARIMA_sem_exog,2021-04,True,40,lbfgs,,False,5084.87586403913,-2536.437932019565
SARIMAX_atual,2021-04,False,50,lbfgs,,True,5019.687399947268,-2500.843699973634
SARIMA_sem_exog,2021-05,True,38,lbfgs,,False,5095.237809864724,-2541.618904932362
SARIMAX_atual,2021-05,False,50,lbfgs,,True,5029.754769818056,-2505.877384909028
SARIMA_sem_exog,2021-06,True,37,lbfgs,,False,5105.30746348623,-2546.653731743115
SARIMAX_atual,2021-06,False,50,lbfgs,,True,5039.544637666678,-2510.772318833339
SARIMA_sem_exog,2021-07,True,39,lbfgs,,False,5115.389276619724,-2551.694638309862
SARIMAX_atual,2021-07,False,50,lbfgs,,True,5049.59518353833,-2515.797591769165
SARIMA_sem_exog,2021-08,True,39,lbfgs,,False,5125.455881154358,-2556.727940577179
SARIMAX_atual,2021-08,False,50,lbfgs,,True,5060.303374238931,-2521.1516871194654
SARIMA_sem_exog,2021-09,True,43,lbfgs,,False,5136.21167631924,-2562.10583815962
SARIMAX_atual,2021-09,False,50,lbfgs,,True,5070.808869983228,-2526.404434991614
SARIMA_sem_exog,2021-10,True,42,lbfgs,,False,5151.741034368832,-2569.870517184416
SARIMAX_atual,2021-10,False,50,lbfgs,,True,5086.829551601314,-2534.414775800657
SARIMA_sem_exog,2021-11,True,41,lbfgs,,False,5162.1086324176995,-2575.0543162088497
SARIMAX_atual,2021-11,False,50,lbfgs,,True,5097.281785503713,-2539.6408927518564
SARIMA_sem_exog,2021-12,False,50,lbfgs,,True,5176.794110073283,-2582.3970550366416
SARIMAX_atual,2021-12,False,50,lbfgs,,True,5110.760816687262,-2546.380408343631
SARIMA_sem_exog,2022-01,True,44,lbfgs,,False,5189.4533558600615,-2588.7266779300307
SARIMAX_atual,2022-01,False,50,lbfgs,,True,5127.47287539867,-2554.736437699335
SARIMA_sem_exog,2022-02,True,40,lbfgs,,False,5204.909367165669,-2596.4546835828346
SARIMAX_atual,2022-02,False,50,lbfgs,,True,5136.2921951471135,-2559.1460975735567
SARIMA_sem_exog,2022-03,True,43,lbfgs,,False,5215.00339586251,-2601.501697931255
SARIMAX_atual,2022-03,False,50,lbfgs,,True,5146.50370194815,-2564.251850974075
SARIMA_sem_exog,2022-04,False,50,lbfgs,,True,5228.655655329676,-2608.327827664838
SARIMAX_atual,2022-04,False,50,lbfgs,,True,5164.552935428363,-2573.2764677141813
SARIMA_sem_exog,2022-05,False,50,lbfgs,,True,5239.179124339991,-2613.5895621699956
SARIMAX_atual,2022-05,False,50,lbfgs,,True,5175.498225353518,-2578.749112676759
SARIMA_sem_exog,2022-06,False,50,lbfgs,,True,5249.290027562567,-2618.6450137812835
SARIMAX_atual,2022-06,False,50,lbfgs,,True,5185.670231825122,-2583.835115912561
SARIMA_sem_exog,2022-07,False,50,lbfgs,,True,5259.391226650945,-2623.6956133254726
SARIMAX_atual,2022-07,False,50,lbfgs,,True,5195.484511149591,-2588.7422555747953
SARIMA_sem_exog,2022-08,False,50,lbfgs,,True,5269.460236822749,-2628.7301184113744
SARIMAX_atual,2022-08,False,50,lbfgs,,True,5205.587939166813,-2593.7939695834066
SARIMA_sem_exog,2022-09,False,50,lbfgs,,True,5279.97343162914,-2633.98671581457
SARIMAX_atual,2022-09,False,50,lbfgs,,True,5216.192978339819,-2599.0964891699095
SARIMA_sem_exog,2022-10,False,50,lbfgs,,True,5290.819796945416,-2639.409898472708
SARIMAX_atual,2022-10,False,50,lbfgs,,True,5227.2965390950685,-2604.6482695475343
SARIMA_sem_exog,2022-11,False,50,lbfgs,,True,5308.1923752515,-2648.09618762575
SARIMAX_atual,2022-11,False,50,lbfgs,,True,5242.026370439784,-2612.013185219892
SARIMA_sem_exog,2022-12,False,50,lbfgs,,True,5318.984467086727,-2653.4922335433635
SARIMAX_atual,2022-12,False,50,lbfgs,,True,5252.087683274194,-2617.043841637097
SARIMA_sem_exog,2023-01,False,50,lbfgs,,True,5330.025738464809,-2659.0128692324047
SARIMAX_atual,2023-01,False,50,lbfgs,,True,5264.567712215732,-2623.283856107866
SARIMA_sem_exog,2023-02,False,50,lbfgs,,True,5340.900279611007,-2664.4501398055036
SARIMAX_atual,2023-02,False,50,lbfgs,,True,5274.6310417532995,-2628.3155208766498
SARIMA_sem_exog,2023-03,False,50,lbfgs,,True,5352.164657945159,-2670.0823289725795
SARIMAX_atual,2023-03,False,50,lbfgs,,True,5286.166655533902,-2634.083327766951
SARIMA_sem_exog,2023-04,False,50,lbfgs,,True,5362.445212061364,-2675.222606030682
SARIMAX_atual,2023-04,False,50,lbfgs,,True,5296.498756506015,-2639.2493782530073
SARIMA_sem_exog,2023-05,False,50,lbfgs,,True,5372.827693724257,-2680.4138468621286
SARIMAX_atual,2023-05,False,50,lbfgs,,True,5307.0122972895015,-2644.5061486447507
SARIMA_sem_exog,2023-06,False,50,lbfgs,,True,5382.918715579043,-2685.4593577895216
SARIMAX_atual,2023-06,False,50,lbfgs,,True,5317.081982682648,-2649.540991341324
SARIMA_sem_exog,2023-07,False,50,lbfgs,,True,5393.035088269178,-2690.517544134589
SARIMAX_atual,2023-07,False,50,lbfgs,,True,5325.207713336868,-2653.603856668434
SARIMA_sem_exog,2023-08,False,50,lbfgs,,True,5403.0696615413435,-2695.5348307706718
SARIMAX_atual,2023-08,False,50,lbfgs,,True,5336.237213181144,-2659.118606590572
SARIMA_sem_exog,2023-09,False,50,lbfgs,,True,5413.291489032437,-2700.6457445162187
SARIMAX_atual,2023-09,False,50,lbfgs,,True,5346.493117595598,-2664.246558797799
SARIMA_sem_exog,2023-10,False,50,lbfgs,,True,5423.55353872911,-2705.776769364555
SARIMAX_atual,2023-10,False,50,lbfgs,,True,5356.342785635716,-2669.171392817858
SARIMA_sem_exog,2023-11,False,50,lbfgs,,True,5436.1895653701495,-2712.0947826850747
SARIMAX_atual,2023-11,False,50,lbfgs,,True,5367.797453038539,-2674.8987265192695
SARIMA_sem_exog,2023-12,False,50,lbfgs,,True,5447.751434917716,-2717.875717458858
SARIMAX_atual,2023-12,False,50,lbfgs,,True,5378.135258255012,-2680.067629127506
SARIMA_sem_exog,2024-01,False,50,lbfgs,,True,5458.77799062546,-2723.38899531273
SARIMAX_atual,2024-01,False,50,lbfgs,,True,5390.533379470075,-2686.2666897350373
SARIMA_sem_exog,2024-02,False,50,lbfgs,,True,5469.425931716169,-2728.7129658580843
SARIMAX_atual,2024-02,False,50,lbfgs,,True,5402.20570981485,-2692.102854907425
SARIMA_sem_exog,2024-03,False,50,lbfgs,,True,5480.351699733452,-2734.175849866726
SARIMAX_atual,2024-03,False,50,lbfgs,,True,5412.465814148993,-2697.2329070744963
SARIMA_sem_exog,2024-04,False,50,lbfgs,,True,5490.7935468346295,-2739.3967734173148
SARIMAX_atual,2024-04,False,50,lbfgs,,True,5422.314503017227,-2702.1572515086136
SARIMA_sem_exog,2024-05,False,50,lbfgs,,True,5502.31965948354,-2745.15982974177
SARIMAX_atual,2024-05,False,50,lbfgs,,True,5433.690840948012,-2707.845420474006
SARIMA_sem_exog,2024-06,False,50,lbfgs,,True,5512.385645262631,-2750.1928226313157
SARIMAX_atual,2024-06,False,50,lbfgs,,True,5445.034144009632,-2713.517072004816
SARIMA_sem_exog,2024-07,True,48,lbfgs,,False,5522.454083643615,-2755.2270418218077
SARIMAX_atual,2024-07,False,50,lbfgs,,True,5454.222766122887,-2718.1113830614436
SARIMA_sem_exog,2024-08,False,50,lbfgs,,True,5532.516296348403,-2760.2581481742013
SARIMAX_atual,2024-08,False,50,lbfgs,,True,5464.117745094631,-2723.0588725473153
SARIMA_sem_exog,2024-09,False,50,lbfgs,,True,5542.9912197122085,-2765.4956098561042
SARIMAX_atual,2024-09,False,50,lbfgs,,True,5475.621924847686,-2728.810962423843
SARIMA_sem_exog,2024-10,False,50,lbfgs,,True,5553.695632139446,-2770.847816069723
SARIMAX_atual,2024-10,False,50,lbfgs,,True,5486.026554548605,-2734.0132772743027
SARIMA_sem_exog,2024-11,False,50,lbfgs,,True,5563.9545305439815,-2775.9772652719907
SARIMAX_atual,2024-11,False,50,lbfgs,,True,5495.260505991853,-2738.6302529959266
SARIMA_sem_exog,2024-12,False,50,lbfgs,,True,5574.0378957918065,-2781.0189478959032
SARIMAX_atual,2024-12,False,50,lbfgs,,True,5505.718328529336,-2743.859164264668
SARIMA_sem_exog,2025-01,True,47,lbfgs,,False,5584.168492724781,-2786.0842463623903
SARIMAX_atual,2025-01,False,50,lbfgs,,True,5515.230327038205,-2748.6151635191027
SARIMA_sem_exog,2025-02,False,50,lbfgs,,True,5599.768001448087,-2793.8840007240433
SARIMAX_atual,2025-02,False,50,lbfgs,,True,5530.274758993182,-2756.137379496591
SARIMA_sem_exog,2025-03,False,50,lbfgs,,True,5610.642272878852,-2799.321136439426
SARIMAX_atual,2025-03,False,50,lbfgs,,True,5540.366260731615,-2761.1831303658073
SARIMA_sem_exog,2025-04,False,50,lbfgs,,True,5624.624096659645,-2806.3120483298226
SARIMAX_atual,2025-04,False,50,lbfgs,,True,5556.016496775555,-2769.0082483877777
SARIMA_sem_exog,2025-05,False,50,lbfgs,,True,5635.469131652453,-2811.7345658262266
SARIMAX_atual,2025-05,False,50,lbfgs,,True,5567.022628883078,-2774.511314441539
SARIMA_sem_exog,2025-06,False,50,lbfgs,,True,5645.027033638444,-2816.513516819222
SARIMAX_atual,2025-06,False,50,lbfgs,,True,5575.086275044709,-2778.5431375223543
SARIMA_sem_exog,2025-07,False,50,lbfgs,,True,5655.086944788629,-2821.5434723943144
SARIMAX_atual,2025-07,False,50,lbfgs,,True,5585.222263640089,-2783.6111318200446
SARIMA_sem_exog,2025-08,False,50,lbfgs,,True,5665.1464534639845,-2826.5732267319922
SARIMAX_atual,2025-08,True,48,lbfgs,,False,5597.028647859825,-2789.5143239299123
