ano,mes,prec,fonte,local
2015,1,287.9,CHIRPS,Ananas
2015,2,254.9,CHIRPS,Ananas
2015,3,215.4,CHIRPS,Ananas
2015,4,105.7,CHIRPS,Ananas
2015,5,135.0,CHIRPS,Ananas
2015,6,8.3,CHIRPS,Ananas
2015,7,19.0,CHIRPS,Ananas
2015,8,13.2,CHIRPS,Ananas
2015,9,9.4,CHIRPS,Ananas
2015,10,46.1,CHIRPS,Ananas
2015,11,42.1,CHIRPS,Ananas
2015,12,95.0,CHIRPS,Ananas
2016,1,327.7,CHIRPS,Ananas
2016,2,178.0,CHIRPS,Ananas
2016,3,246.0,CHIRPS,Ananas
2016,4,178.0,CHIRPS,Ananas
2016,5,105.9,CHIRPS,Ananas
2016,6,15.8,CHIRPS,Ananas
2016,7,0.0,CHIRPS,Ananas
2016,8,22.2,CHIRPS,Ananas
2016,9,76.5,CHIRPS,Ananas
2016,10,128.2,CHIRPS,Ananas
2016,11,149.9,CHIRPS,Ananas
2016,12,126.4,CHIRPS,Ananas
2017,1,259.4,CHIRPS,Ananas
2017,2,502.1,CHIRPS,Ananas
2017,3,276.7,CHIRPS,Ananas
2017,4,309.9,CHIRPS,Ananas
2017,5,52.3,CHIRPS,Ananas
2017,6,15.5,CHIRPS,Ananas
2017,7,6.8,CHIRPS,Ananas
2017,8,18.5,CHIRPS,Ananas
2017,9,8.5,CHIRPS,Ananas
2017,10,59.9,CHIRPS,Ananas
2017,11,184.4,CHIRPS,Ananas
2017,12,145.5,CHIRPS,Ananas
2018,1,239.9,CHIRPS,Ananas
2018,2,395.6,CHIRPS,Ananas
2018,3,392.4,CHIRPS,Ananas
2018,4,284.5,CHIRPS,Ananas
2018,5,63.3,CHIRPS,Ananas
2018,6,6.6,CHIRPS,Ananas
2018,7,0.0,CHIRPS,Ananas
2018,8,7.6,CHIRPS,Ananas
2018,9,32.4,CHIRPS,Ananas
2018,10,110.6,CHIRPS,Ananas
2018,11,242.5,CHIRPS,Ananas
2018,12,260.7,CHIRPS,Ananas
2019,1,230.5,CHIRPS,Ananas
2019,2,223.0,CHIRPS,Ananas
2019,3,383.2,CHIRPS,Ananas
2019,4,268.8,CHIRPS,Ananas
2019,5,132.6,CHIRPS,Ananas
2019,6,6.4,CHIRPS,Ananas
2019,7,12.6,CHIRPS,Ananas
2019,8,0.0,CHIRPS,Ananas
2019,9,13.0,CHIRPS,Ananas
2019,10,117.1,CHIRPS,Ananas
2019,11,163.5,CHIRPS,Ananas
2019,12,120.5,CHIRPS,Ananas
2020,1,226.1,CHIRPS,Ananas
2020,2,348.3,CHIRPS,Ananas
2020,3,440.2,CHIRPS,Ananas
2020,4,533.6,CHIRPS,Ananas
2020,5,90.8,CHIRPS,Ananas
2020,6,8.2,CHIRPS,Ananas
2020,7,1.6,CHIRPS,Ananas
2020,8,9.8,CHIRPS,Ananas
2020,9,18.0,CHIRPS,Ananas
2020,10,56.8,CHIRPS,Ananas
2020,11,210.7,CHIRPS,Ananas
2020,12,196.8,CHIRPS,Ananas
2021,1,194.7,CHIRPS,Ananas
2021,2,314.3,CHIRPS,Ananas
2021,3,313.0,CHIRPS,Ananas
2021,4,194.0,CHIRPS,Ananas
2021,5,88.9,CHIRPS,Ananas
2021,6,10.7,CHIRPS,Ananas
2021,7,6.9,CHIRPS,Ananas
2021,8,6.0,CHIRPS,Ananas
2021,9,82.8,CHIRPS,Ananas
2021,10,183.2,CHIRPS,Ananas
2021,11,194.2,CHIRPS,Ananas
2021,12,341.6,CHIRPS,Ananas
2022,1,400.1,CHIRPS,Ananas
2022,2,203.8,CHIRPS,Ananas
2022,3,300.1,CHIRPS,Ananas
2022,4,87.1,CHIRPS,Ananas
2022,5,48.6,CHIRPS,Ananas
2022,6,23.2,CHIRPS,Ananas
2022,7,0.0,CHIRPS,Ananas
2022,8,0.0,CHIRPS,Ananas
2022,9,12.2,CHIRPS,Ananas
2022,10,66.8,CHIRPS,Ananas
2022,11,273.7,CHIRPS,Ananas
2022,12,255.3,CHIRPS,Ananas
2023,1,185.9,CHIRPS,Ananas
2023,2,243.5,CHIRPS,Ananas
2023,3,427.5,CHIRPS,Ananas
2023,4,282.1,CHIRPS,Ananas
2023,5,123.7,CHIRPS,Ananas
2023,6,7.1,CHIRPS,Ananas
2023,7,0.0,CHIRPS,Ananas
2023,8,9.8,CHIRPS,Ananas
2023,9,35.5,CHIRPS,Ananas
2023,10,65.2,CHIRPS,Ananas
2023,11,71.7,CHIRPS,Ananas
2023,12,125.3,CHIRPS,Ananas
2024,1,254.7,CHIRPS,Ananas
2024,2,356.1,CHIRPS,Ananas
2024,3,397.3,CHIRPS,Ananas
2024,4,202.5,CHIRPS,Ananas
2024,5,13.8,CHIRPS,Ananas
2024,6,2.3,CHIRPS,Ananas
2024,7,7.6,CHIRPS,Ananas
2024,8,7.4,CHIRPS,Ananas
2024,9,10.2,CHIRPS,Ananas
2024,10,55.5,CHIRPS,Ananas
2024,11,110.5,CHIRPS,Ananas
2024,12,0.0,CHIRPS,Ananas
2015,1,320.7,CHIRPS,Araguatins
2015,2,317.3,CHIRPS,Araguatins
2015,3,308.4,CHIRPS,Araguatins
2015,4,138.4,CHIRPS,Araguatins
2015,5,87.1,CHIRPS,Araguatins
2015,6,12.4,CHIRPS,Araguatins
2015,7,9.4,CHIRPS,Araguatins
2015,8,14.4,CHIRPS,Araguatins
2015,9,7.0,CHIRPS,Araguatins
2015,10,47.6,CHIRPS,Araguatins
2015,11,38.7,CHIRPS,Araguatins
2015,12,86.7,CHIRPS,Araguatins
2016,1,310.2,CHIRPS,Araguatins
2016,2,147.9,CHIRPS,Araguatins
2016,3,266.2,CHIRPS,Araguatins
2016,4,187.7,CHIRPS,Araguatins
2016,5,62.2,CHIRPS,Araguatins
2016,6,12.6,CHIRPS,Araguatins
2016,7,0.0,CHIRPS,Araguatins
2016,8,12.1,CHIRPS,Araguatins
2016,9,81.8,CHIRPS,Araguatins
2016,10,107.4,CHIRPS,Araguatins
2016,11,150.9,CHIRPS,Araguatins
2016,12,134.7,CHIRPS,Araguatins
2017,1,278.1,CHIRPS,Araguatins
2017,2,546.5,CHIRPS,Araguatins
2017,3,302.1,CHIRPS,Araguatins
2017,4,321.6,CHIRPS,Araguatins
2017,5,64.8,CHIRPS,Araguatins
2017,6,8.7,CHIRPS,Araguatins
2017,7,5.1,CHIRPS,Araguatins
2017,8,14.2,CHIRPS,Araguatins
2017,9,13.6,CHIRPS,Araguatins
2017,10,49.6,CHIRPS,Araguatins
2017,11,203.6,CHIRPS,Araguatins
2017,12,144.9,CHIRPS,Araguatins
2018,1,242.4,CHIRPS,Araguatins
2018,2,370.4,CHIRPS,Araguatins
2018,3,374.3,CHIRPS,Araguatins
2018,4,264.2,CHIRPS,Araguatins
2018,5,41.7,CHIRPS,Araguatins
2018,6,0.0,CHIRPS,Araguatins
2018,7,0.0,CHIRPS,Araguatins
2018,8,11.9,CHIRPS,Araguatins
2018,9,55.0,CHIRPS,Araguatins
2018,10,70.4,CHIRPS,Araguatins
2018,11,236.3,CHIRPS,Araguatins
2018,12,200.2,CHIRPS,Araguatins
2019,1,220.7,CHIRPS,Araguatins
2019,2,252.8,CHIRPS,Araguatins
2019,3,346.0,CHIRPS,Araguatins
2019,4,210.1,CHIRPS,Araguatins
2019,5,96.7,CHIRPS,Araguatins
2019,6,4.1,CHIRPS,Araguatins
2019,7,7.3,CHIRPS,Araguatins
2019,8,6.9,CHIRPS,Araguatins
2019,9,11.3,CHIRPS,Araguatins
2019,10,75.3,CHIRPS,Araguatins
2019,11,133.5,CHIRPS,Araguatins
2019,12,100.0,CHIRPS,Araguatins
2020,1,265.6,CHIRPS,Araguatins
2020,2,308.6,CHIRPS,Araguatins
2020,3,447.9,CHIRPS,Araguatins
2020,4,439.6,CHIRPS,Araguatins
2020,5,56.2,CHIRPS,Araguatins
2020,6,11.4,CHIRPS,Araguatins
2020,7,1.9,CHIRPS,Araguatins
2020,8,13.4,CHIRPS,Araguatins
2020,9,19.8,CHIRPS,Araguatins
2020,10,64.8,CHIRPS,Araguatins
2020,11,169.1,CHIRPS,Araguatins
2020,12,217.0,CHIRPS,Araguatins
2021,1,208.9,CHIRPS,Araguatins
2021,2,388.2,CHIRPS,Araguatins
2021,3,420.3,CHIRPS,Araguatins
2021,4,222.1,CHIRPS,Araguatins
2021,5,46.7,CHIRPS,Araguatins
2021,6,15.6,CHIRPS,Araguatins
2021,7,12.7,CHIRPS,Araguatins
2021,8,4.9,CHIRPS,Araguatins
2021,9,81.6,CHIRPS,Araguatins
2021,10,207.5,CHIRPS,Araguatins
2021,11,191.7,CHIRPS,Araguatins
2021,12,355.8,CHIRPS,Araguatins
2022,1,324.7,CHIRPS,Araguatins
2022,2,233.7,CHIRPS,Araguatins
2022,3,339.2,CHIRPS,Araguatins
2022,4,103.8,CHIRPS,Araguatins
2022,5,46.3,CHIRPS,Araguatins
2022,6,34.3,CHIRPS,Araguatins
2022,7,0.0,CHIRPS,Araguatins
2022,8,2.5,CHIRPS,Araguatins
2022,9,10.4,CHIRPS,Araguatins
2022,10,49.7,CHIRPS,Araguatins
2022,11,278.3,CHIRPS,Araguatins
2022,12,265.0,CHIRPS,Araguatins
2023,1,188.7,CHIRPS,Araguatins
2023,2,307.6,CHIRPS,Araguatins
2023,3,362.0,CHIRPS,Araguatins
2023,4,165.2,CHIRPS,Araguatins
2023,5,71.9,CHIRPS,Araguatins
2023,6,0.0,CHIRPS,Araguatins
2023,7,0.0,CHIRPS,Araguatins
2023,8,5.4,CHIRPS,Araguatins
2023,9,13.3,CHIRPS,Araguatins
2023,10,74.7,CHIRPS,Araguatins
2023,11,72.0,CHIRPS,Araguatins
2023,12,132.8,CHIRPS,Araguatins
2024,1,301.7,CHIRPS,Araguatins
2024,2,229.8,CHIRPS,Araguatins
2024,3,360.7,CHIRPS,Araguatins
2024,4,202.8,CHIRPS,Araguatins
2024,5,15.8,CHIRPS,Araguatins
2024,6,1.7,CHIRPS,Araguatins
2024,7,7.6,CHIRPS,Araguatins
2024,8,8.6,CHIRPS,Araguatins
2024,9,3.0,CHIRPS,Araguatins
2024,10,53.2,CHIRPS,Araguatins
2024,11,119.3,CHIRPS,Araguatins
2024,12,0.0,CHIRPS,Araguatins
2015,1,311.4,CHIRPS,Sao_Bento_do_Tocantins
2015,2,244.3,CHIRPS,Sao_Bento_do_Tocantins
2015,3,225.9,CHIRPS,Sao_Bento_do_Tocantins
2015,4,127.7,CHIRPS,Sao_Bento_do_Tocantins
2015,5,79.2,CHIRPS,Sao_Bento_do_Tocantins
2015,6,6.5,CHIRPS,Sao_Bento_do_Tocantins
2015,7,7.2,CHIRPS,Sao_Bento_do_Tocantins
2015,8,12.3,CHIRPS,Sao_Bento_do_Tocantins
2015,9,6.2,CHIRPS,Sao_Bento_do_Tocantins
2015,10,57.9,CHIRPS,Sao_Bento_do_Tocantins
2015,11,39.6,CHIRPS,Sao_Bento_do_Tocantins
2015,12,81.6,CHIRPS,Sao_Bento_do_Tocantins
2016,1,353.6,CHIRPS,Sao_Bento_do_Tocantins
2016,2,154.0,CHIRPS,Sao_Bento_do_Tocantins
2016,3,237.3,CHIRPS,Sao_Bento_do_Tocantins
2016,4,172.0,CHIRPS,Sao_Bento_do_Tocantins
2016,5,70.4,CHIRPS,Sao_Bento_do_Tocantins
2016,6,9.9,CHIRPS,Sao_Bento_do_Tocantins
2016,7,0.0,CHIRPS,Sao_Bento_do_Tocantins
2016,8,14.6,CHIRPS,Sao_Bento_do_Tocantins
2016,9,58.9,CHIRPS,Sao_Bento_do_Tocantins
2016,10,162.8,CHIRPS,Sao_Bento_do_Tocantins
2016,11,144.1,CHIRPS,Sao_Bento_do_Tocantins
2016,12,133.4,CHIRPS,Sao_Bento_do_Tocantins
2017,1,276.7,CHIRPS,Sao_Bento_do_Tocantins
2017,2,505.8,CHIRPS,Sao_Bento_do_Tocantins
2017,3,296.2,CHIRPS,Sao_Bento_do_Tocantins
2017,4,283.1,CHIRPS,Sao_Bento_do_Tocantins
2017,5,77.8,CHIRPS,Sao_Bento_do_Tocantins
2017,6,8.2,CHIRPS,Sao_Bento_do_Tocantins
2017,7,0.0,CHIRPS,Sao_Bento_do_Tocantins
2017,8,15.4,CHIRPS,Sao_Bento_do_Tocantins
2017,9,6.8,CHIRPS,Sao_Bento_do_Tocantins
2017,10,65.4,CHIRPS,Sao_Bento_do_Tocantins
2017,11,184.8,CHIRPS,Sao_Bento_do_Tocantins
2017,12,129.4,CHIRPS,Sao_Bento_do_Tocantins
2018,1,253.6,CHIRPS,Sao_Bento_do_Tocantins
2018,2,354.0,CHIRPS,Sao_Bento_do_Tocantins
2018,3,359.7,CHIRPS,Sao_Bento_do_Tocantins
2018,4,262.7,CHIRPS,Sao_Bento_do_Tocantins
2018,5,47.7,CHIRPS,Sao_Bento_do_Tocantins
2018,6,5.1,CHIRPS,Sao_Bento_do_Tocantins
2018,7,0.0,CHIRPS,Sao_Bento_do_Tocantins
2018,8,5.5,CHIRPS,Sao_Bento_do_Tocantins
2018,9,39.9,CHIRPS,Sao_Bento_do_Tocantins
2018,10,97.5,CHIRPS,Sao_Bento_do_Tocantins
2018,11,227.4,CHIRPS,Sao_Bento_do_Tocantins
2018,12,263.9,CHIRPS,Sao_Bento_do_Tocantins
2019,1,231.9,CHIRPS,Sao_Bento_do_Tocantins
2019,2,220.2,CHIRPS,Sao_Bento_do_Tocantins
2019,3,403.8,CHIRPS,Sao_Bento_do_Tocantins
2019,4,217.5,CHIRPS,Sao_Bento_do_Tocantins
2019,5,172.8,CHIRPS,Sao_Bento_do_Tocantins
2019,6,6.8,CHIRPS,Sao_Bento_do_Tocantins
2019,7,4.2,CHIRPS,Sao_Bento_do_Tocantins
2019,8,5.1,CHIRPS,Sao_Bento_do_Tocantins
2019,9,9.9,CHIRPS,Sao_Bento_do_Tocantins
2019,10,102.4,CHIRPS,Sao_Bento_do_Tocantins
2019,11,180.6,CHIRPS,Sao_Bento_do_Tocantins
2019,12,124.3,CHIRPS,Sao_Bento_do_Tocantins
2020,1,234.6,CHIRPS,Sao_Bento_do_Tocantins
2020,2,306.5,CHIRPS,Sao_Bento_do_Tocantins
2020,3,382.8,CHIRPS,Sao_Bento_do_Tocantins
2020,4,511.8,CHIRPS,Sao_Bento_do_Tocantins
2020,5,88.4,CHIRPS,Sao_Bento_do_Tocantins
2020,6,8.3,CHIRPS,Sao_Bento_do_Tocantins
2020,7,0.8,CHIRPS,Sao_Bento_do_Tocantins
2020,8,11.3,CHIRPS,Sao_Bento_do_Tocantins
2020,9,18.7,CHIRPS,Sao_Bento_do_Tocantins
2020,10,57.0,CHIRPS,Sao_Bento_do_Tocantins
2020,11,158.5,CHIRPS,Sao_Bento_do_Tocantins
2020,12,235.8,CHIRPS,Sao_Bento_do_Tocantins
2021,1,184.6,CHIRPS,Sao_Bento_do_Tocantins
2021,2,342.8,CHIRPS,Sao_Bento_do_Tocantins
2021,3,325.4,CHIRPS,Sao_Bento_do_Tocantins
2021,4,204.2,CHIRPS,Sao_Bento_do_Tocantins
2021,5,65.0,CHIRPS,Sao_Bento_do_Tocantins
2021,6,10.0,CHIRPS,Sao_Bento_do_Tocantins
2021,7,8.4,CHIRPS,Sao_Bento_do_Tocantins
2021,8,2.9,CHIRPS,Sao_Bento_do_Tocantins
2021,9,90.2,CHIRPS,Sao_Bento_do_Tocantins
2021,10,251.6,CHIRPS,Sao_Bento_do_Tocantins
2021,11,217.3,CHIRPS,Sao_Bento_do_Tocantins
2021,12,392.1,CHIRPS,Sao_Bento_do_Tocantins
2022,1,372.4,CHIRPS,Sao_Bento_do_Tocantins
2022,2,211.7,CHIRPS,Sao_Bento_do_Tocantins
2022,3,378.0,CHIRPS,Sao_Bento_do_Tocantins
2022,4,116.0,CHIRPS,Sao_Bento_do_Tocantins
2022,5,51.0,CHIRPS,Sao_Bento_do_Tocantins
2022,6,25.3,CHIRPS,Sao_Bento_do_Tocantins
2022,7,0.0,CHIRPS,Sao_Bento_do_Tocantins
2022,8,5.2,CHIRPS,Sao_Bento_do_Tocantins
2022,9,10.6,CHIRPS,Sao_Bento_do_Tocantins
2022,10,71.7,CHIRPS,Sao_Bento_do_Tocantins
2022,11,346.1,CHIRPS,Sao_Bento_do_Tocantins
2022,12,251.6,CHIRPS,Sao_Bento_do_Tocantins
2023,1,176.1,CHIRPS,Sao_Bento_do_Tocantins
2023,2,231.9,CHIRPS,Sao_Bento_do_Tocantins
2023,3,419.6,CHIRPS,Sao_Bento_do_Tocantins
2023,4,178.5,CHIRPS,Sao_Bento_do_Tocantins
2023,5,93.7,CHIRPS,Sao_Bento_do_Tocantins
2023,6,0.0,CHIRPS,Sao_Bento_do_Tocantins
2023,7,0.0,CHIRPS,Sao_Bento_do_Tocantins
2023,8,4.2,CHIRPS,Sao_Bento_do_Tocantins
2023,9,16.0,CHIRPS,Sao_Bento_do_Tocantins
2023,10,99.9,CHIRPS,Sao_Bento_do_Tocantins
2023,11,61.9,CHIRPS,Sao_Bento_do_Tocantins
2023,12,111.3,CHIRPS,Sao_Bento_do_Tocantins
2024,1,322.1,CHIRPS,Sao_Bento_do_Tocantins
2024,2,259.4,CHIRPS,Sao_Bento_do_Tocantins
2024,3,364.5,CHIRPS,Sao_Bento_do_Tocantins
2024,4,189.7,CHIRPS,Sao_Bento_do_Tocantins
2024,5,11.1,CHIRPS,Sao_Bento_do_Tocantins
2024,6,2.0,CHIRPS,Sao_Bento_do_Tocantins
2024,7,0.0,CHIRPS,Sao_Bento_do_Tocantins
2024,8,6.2,CHIRPS,Sao_Bento_do_Tocantins
2024,9,2.3,CHIRPS,Sao_Bento_do_Tocantins
2024,10,65.3,CHIRPS,Sao_Bento_do_Tocantins
2024,11,115.2,CHIRPS,Sao_Bento_do_Tocantins
2024,12,0.0,CHIRPS,Sao_Bento_do_Tocantins
