ano,mes,formato,url,versao_chirps,data_extracao_utc,status,valor_mm,identificacao_arquivo__disponivel,identificacao_arquivo__status_http,identificacao_arquivo__etag,identificacao_arquivo__last_modified,identificacao_arquivo__content_length_bytes,identificacao_arquivo__content_type,identificacao_arquivo__tentativas_ate_sucesso,verificacao_grade__grade_ok,verificacao_grade__problemas,pixel__row,pixel__col,pixel__pixel_bounds_lon_min,pixel__pixel_bounds_lon_max,pixel__pixel_bounds_lat_min,pixel__pixel_bounds_lat_max,pixel__pixel_centro_lon,pixel__pixel_centro_lat,pixel__ponto_consultado_lon,pixel__ponto_consultado_lat,pixel__convencao_indexacao,pixel__ponto_sobre_borda_ou_quina_de_pixel,pixel__ponto_sobre_quina_compartilhada_por_4_pixels
1991,1,cog,https://data.chc.ucsb.edu/products/CHIRPS/v3.0/monthly/global/cogs/chirps-v3.0.1991.01.cog,v3.0,2026-09-29T11:17:56.460146+00:00,ok,342.9423,True,200,"""67be0b7d-1c029b0""","Tue, 25 Feb 2025 18:27:09 GMT",29370800,application/octet-stream,1,True,[],1355,2640,-47.99999803304672,-47.949998032301664,-7.800001010298729,-7.750001009553671,-47.97499803267419,-7.7750010099262,-47.95,-7.8,numpy.floor (padrão de rasterio.DatasetReader.index),True,True
1991,4,cog,https://data.chc.ucsb.edu/products/CHIRPS/v3.0/monthly/global/cogs/chirps-v3.0.1991.04.cog,v3.0,2026-09-29T11:18:03.965226+00:00,ok,214.6288,True,200,"""67be0b86-1be218d""","Tue, 25 Feb 2025 18:27:18 GMT",29237645,application/octet-stream,1,True,[],1355,2640,-47.99999803304672,-47.949998032301664,-7.800001010298729,-7.750001009553671,-47.97499803267419,-7.7750010099262,-47.95,-7.8,numpy.floor (padrão de rasterio.DatasetReader.index),True,True
1991,7,cog,https://data.chc.ucsb.edu/products/CHIRPS/v3.0/monthly/global/cogs/chirps-v3.0.1991.07.cog,v3.0,2026-09-29T11:18:08.698671+00:00,ok,1.9531,True,200,"""67be0b8f-1d4f84d""","Tue, 25 Feb 2025 18:27:27 GMT",30734413,application/octet-stream,1,True,[],1355,2640,-47.99999803304672,-47.949998032301664,-7.800001010298729,-7.750001009553671,-47.97499803267419,-7.7750010099262,-47.95,-7.8,numpy.floor (padrão de rasterio.DatasetReader.index),True,True
1991,10,cog,https://data.chc.ucsb.edu/products/CHIRPS/v3.0/monthly/global/cogs/chirps-v3.0.1991.10.cog,v3.0,2026-09-29T11:18:13.518919+00:00,ok,58.2752,True,200,"""67be0b99-1c4d359""","Tue, 25 Feb 2025 18:27:37 GMT",29676377,application/octet-stream,1,True,[],1355,2640,-47.99999803304672,-47.949998032301664,-7.800001010298729,-7.750001009553671,-47.97499803267419,-7.7750010099262,-47.95,-7.8,numpy.floor (padrão de rasterio.DatasetReader.index),True,True
1998,1,cog,https://data.chc.ucsb.edu/products/CHIRPS/v3.0/monthly/global/cogs/chirps-v3.0.1998.01.cog,v3.0,2026-09-29T11:18:17.888533+00:00,ok,347.458,True,200,"""67be0c81-1cecac2""","Tue, 25 Feb 2025 18:31:29 GMT",30329538,application/octet-stream,1,True,[],1355,2640,-47.99999803304672,-47.949998032301664,-7.800001010298729,-7.750001009553671,-47.97499803267419,-7.7750010099262,-47.95,-7.8,numpy.floor (padrão de rasterio.DatasetReader.index),True,True
1998,4,cog,https://data.chc.ucsb.edu/products/CHIRPS/v3.0/monthly/global/cogs/chirps-v3.0.1998.04.cog,v3.0,2026-09-29T11:18:22.563119+00:00,ok,54.1047,True,200,"""67be0c8b-1ca27a7""","Tue, 25 Feb 2025 18:31:39 GMT",30025639,application/octet-stream,1,True,[],1355,2640,-47.99999803304672,-47.949998032301664,-7.800001010298729,-7.750001009553671,-47.97499803267419,-7.7750010099262,-47.95,-7.8,numpy.floor (padrão de rasterio.DatasetReader.index),True,True
1998,7,cog,https://data.chc.ucsb.edu/products/CHIRPS/v3.0/monthly/global/cogs/chirps-v3.0.1998.07.cog,v3.0,2026-09-29T11:18:28.484179+00:00,ok,3.3565,True,200,"""67be0c94-1d001ad""","Tue, 25 Feb 2025 18:31:48 GMT",30409133,application/octet-stream,1,True,[],1355,2640,-47.99999803304672,-47.949998032301664,-7.800001010298729,-7.750001009553671,-47.97499803267419,-7.7750010099262,-47.95,-7.8,numpy.floor (padrão de rasterio.DatasetReader.index),True,True
1998,10,cog,https://data.chc.ucsb.edu/products/CHIRPS/v3.0/monthly/global/cogs/chirps-v3.0.1998.10.cog,v3.0,2026-09-29T11:18:33.562704+00:00,ok,89.2952,True,200,"""67be0c9e-1c9a5c9""","Tue, 25 Feb 2025 18:31:58 GMT",29992393,application/octet-stream,1,True,[],1355,2640,-47.99999803304672,-47.949998032301664,-7.800001010298729,-7.750001009553671,-47.97499803267419,-7.7750010099262,-47.95,-7.8,numpy.floor (padrão de rasterio.DatasetReader.index),True,True
2005,1,cog,https://data.chc.ucsb.edu/products/CHIRPS/v3.0/monthly/global/cogs/chirps-v3.0.2005.01.cog,v3.0,2026-09-29T11:18:39.039065+00:00,ok,258.8253,True,200,"""67be0d92-1bcc9c1""","Tue, 25 Feb 2025 18:36:02 GMT",29149633,application/octet-stream,1,True,[],1355,2640,-47.99999803304672,-47.949998032301664,-7.800001010298729,-7.750001009553671,-47.97499803267419,-7.7750010099262,-47.95,-7.8,numpy.floor (padrão de rasterio.DatasetReader.index),True,True
2005,4,cog,https://data.chc.ucsb.edu/products/CHIRPS/v3.0/monthly/global/cogs/chirps-v3.0.2005.04.cog,v3.0,2026-09-29T11:18:44.562145+00:00,ok,143.7686,True,200,"""67be0d9b-1d5bfc1""","Tue, 25 Feb 2025 18:36:11 GMT",30785473,application/octet-stream,1,True,[],1355,2640,-47.99999803304672,-47.949998032301664,-7.800001010298729,-7.750001009553671,-47.97499803267419,-7.7750010099262,-47.95,-7.8,numpy.floor (padrão de rasterio.DatasetReader.index),True,True
2005,7,cog,https://data.chc.ucsb.edu/products/CHIRPS/v3.0/monthly/global/cogs/chirps-v3.0.2005.07.cog,v3.0,2026-09-29T11:18:50.400295+00:00,ok,1.8672,True,200,"""67be0da5-1d1874c""","Tue, 25 Feb 2025 18:36:21 GMT",30508876,application/octet-stream,1,True,[],1355,2640,-47.99999803304672,-47.949998032301664,-7.800001010298729,-7.750001009553671,-47.97499803267419,-7.7750010099262,-47.95,-7.8,numpy.floor (padrão de rasterio.DatasetReader.index),True,True
2005,10,cog,https://data.chc.ucsb.edu/products/CHIRPS/v3.0/monthly/global/cogs/chirps-v3.0.2005.10.cog,v3.0,2026-09-29T11:18:56.309480+00:00,ok,43.3954,True,200,"""67be0daf-1cfd40c""","Tue, 25 Feb 2025 18:36:31 GMT",30397452,application/octet-stream,1,True,[],1355,2640,-47.99999803304672,-47.949998032301664,-7.800001010298729,-7.750001009553671,-47.97499803267419,-7.7750010099262,-47.95,-7.8,numpy.floor (padrão de rasterio.DatasetReader.index),True,True
2010,1,cog,https://data.chc.ucsb.edu/products/CHIRPS/v3.0/monthly/global/cogs/chirps-v3.0.2010.01.cog,v3.0,2026-09-29T11:19:00.813993+00:00,ok,206.4191,True,200,"""67be0e54-1ca984b""","Tue, 25 Feb 2025 18:39:16 GMT",30054475,application/octet-stream,1,True,[],1355,2640,-47.99999803304672,-47.949998032301664,-7.800001010298729,-7.750001009553671,-47.97499803267419,-7.7750010099262,-47.95,-7.8,numpy.floor (padrão de rasterio.DatasetReader.index),True,True
2010,4,cog,https://data.chc.ucsb.edu/products/CHIRPS/v3.0/monthly/global/cogs/chirps-v3.0.2010.04.cog,v3.0,2026-09-29T11:19:05.158598+00:00,ok,179.409,True,200,"""67be0e5e-1d55cd8""","Tue, 25 Feb 2025 18:39:26 GMT",30760152,application/octet-stream,1,True,[],1355,2640,-47.99999803304672,-47.949998032301664,-7.800001010298729,-7.750001009553671,-47.97499803267419,-7.7750010099262,-47.95,-7.8,numpy.floor (padrão de rasterio.DatasetReader.index),True,True
2010,7,cog,https://data.chc.ucsb.edu/products/CHIRPS/v3.0/monthly/global/cogs/chirps-v3.0.2010.07.cog,v3.0,2026-09-29T11:19:09.556307+00:00,ok,1.8517,True,200,"""67be0e68-1d2a466""","Tue, 25 Feb 2025 18:39:36 GMT",30581862,application/octet-stream,1,True,[],1355,2640,-47.99999803304672,-47.949998032301664,-7.800001010298729,-7.750001009553671,-47.97499803267419,-7.7750010099262,-47.95,-7.8,numpy.floor (padrão de rasterio.DatasetReader.index),True,True
2010,10,cog,https://data.chc.ucsb.edu/products/CHIRPS/v3.0/monthly/global/cogs/chirps-v3.0.2010.10.cog,v3.0,2026-09-29T11:19:14.608636+00:00,ok,136.1532,True,200,"""67be0e71-1d44aef""","Tue, 25 Feb 2025 18:39:45 GMT",30690031,application/octet-stream,1,True,[],1355,2640,-47.99999803304672,-47.949998032301664,-7.800001010298729,-7.750001009553671,-47.97499803267419,-7.7750010099262,-47.95,-7.8,numpy.floor (padrão de rasterio.DatasetReader.index),True,True
2011,5,cog,https://data.chc.ucsb.edu/products/CHIRPS/v3.0/monthly/global/cogs/chirps-v3.0.2011.05.cog,v3.0,2026-09-29T11:19:21.351749+00:00,ok,102.807,True,200,"""67be0e87-1d13377""","Tue, 25 Feb 2025 18:40:07 GMT",30487415,application/octet-stream,1,True,[],1355,2640,-47.99999803304672,-47.949998032301664,-7.800001010298729,-7.750001009553671,-47.97499803267419,-7.7750010099262,-47.95,-7.8,numpy.floor (padrão de rasterio.DatasetReader.index),True,True
