ano,mes,prec
1981,1,332.8
1981,2,172.4
1981,3,356.2
1981,4,86.4
1981,5,5.7
1981,6,23.7
1981,7,0.0
1981,8,14.7
1981,9,8.3
1981,10,165.8
1981,11,215.5
1981,12,159.7
1982,1,510.9
1982,2,272.7
1982,3,258.8
1982,4,215.8
1982,5,31.9
1982,6,9.6
1982,7,0.0
1982,8,19.4
1982,9,85.8
1982,10,130.0
1982,11,190.5
1982,12,236.9
1983,1,220.1
1983,2,223.7
1983,3,340.0
1983,4,51.3
1983,5,0.0
1983,6,12.1
1983,7,0.0
1983,8,10.1
1983,9,53.0
1983,10,151.9
1983,11,207.8
1983,12,267.2
1984,1,183.5
1984,2,198.7
1984,3,269.9
1984,4,319.6
1984,5,32.9
1984,6,9.9
1984,7,2.5
1984,8,12.1
1984,9,102.5
1984,10,167.9
1984,11,138.2
1984,12,141.7
1985,1,543.4
1985,2,312.6
1985,3,257.2
1985,4,402.1
1985,5,119.7
1985,6,20.6
1985,7,8.0
1985,8,13.4
1985,9,53.2
1985,10,253.9
1985,11,221.8
1985,12,401.6
1986,1,269.4
1986,2,261.7
1986,3,372.2
1986,4,205.2
1986,5,24.4
1986,6,11.1
1986,7,0.0
1986,8,19.9
1986,9,42.9
1986,10,248.2
1986,11,128.0
1986,12,188.9
1987,1,196.2
1987,2,152.0
1987,3,336.7
1987,4,122.5
1987,5,21.1
1987,6,7.2
1987,7,0.0
1987,8,9.0
1987,9,56.7
1987,10,179.6
1987,11,190.5
1987,12,232.2
1988,1,221.6
1988,2,230.5
1988,3,272.9
1988,4,299.9
1988,5,14.6
1988,6,23.3
1988,7,0.0
1988,8,0.0
1988,9,39.0
1988,10,183.7
1988,11,249.4
1988,12,315.6
1989,1,209.2
1989,2,201.0
1989,3,354.7
1989,4,308.2
1989,5,88.6
1989,6,24.5
1989,7,12.7
1989,8,9.1
1989,9,42.9
1989,10,187.8
1989,11,245.9
1989,12,408.8
1990,1,153.7
1990,2,362.1
1990,3,216.3
1990,4,175.3
1990,5,40.4
1990,6,7.8
1990,7,8.3
1990,8,16.7
1990,9,87.8
1990,10,136.6
1990,11,172.0
1990,12,207.2
1991,1,321.8
1991,2,178.1
1991,3,313.3
1991,4,214.2
1991,5,81.3
1991,6,7.7
1991,7,0.0
1991,8,0.0
1991,9,62.2
1991,10,71.5
1991,11,131.1
1991,12,204.8
1992,1,325.8
1992,2,159.1
1992,3,184.4
1992,4,130.5
1992,5,19.7
1992,6,21.9
1992,7,0.0
1992,8,9.6
1992,9,110.5
1992,10,68.1
1992,11,202.9
1992,12,296.0
1993,1,109.2
1993,2,391.4
1993,3,168.4
1993,4,225.5
1993,5,68.4
1993,6,9.7
1993,7,2.0
1993,8,27.6
1993,9,61.7
1993,10,141.9
1993,11,243.6
1993,12,272.9
1994,1,307.5
1994,2,316.0
1994,3,298.0
1994,4,185.4
1994,5,47.5
1994,6,39.6
1994,7,0.0
1994,8,6.7
1994,9,64.2
1994,10,127.5
1994,11,134.3
1994,12,260.9
1995,1,178.1
1995,2,265.5
1995,3,280.3
1995,4,266.6
1995,5,170.6
1995,6,7.4
1995,7,0.0
1995,8,0.0
1995,9,18.2
1995,10,108.3
1995,11,228.3
1995,12,243.0
1996,1,215.7
1996,2,261.4
1996,3,277.7
1996,4,343.1
1996,5,77.2
1996,6,6.9
1996,7,0.0
1996,8,0.0
1996,9,12.5
1996,10,169.1
1996,11,221.1
1996,12,149.6
1997,1,363.9
1997,2,212.1
1997,3,431.3
1997,4,282.0
1997,5,58.0
1997,6,9.3
1997,7,0.0
1997,8,0.6
1997,9,38.7
1997,10,113.5
1997,11,89.1
1997,12,264.2
1998,1,338.7
1998,2,162.4
1998,3,231.7
1998,4,59.5
1998,5,65.7
1998,6,16.1
1998,7,8.2
1998,8,0.0
1998,9,26.7
1998,10,111.4
1998,11,241.1
1998,12,182.0
1999,1,207.6
1999,2,162.9
1999,3,285.9
1999,4,166.5
1999,5,131.1
1999,6,10.2
1999,7,0.0
1999,8,0.0
1999,9,74.7
1999,10,117.4
1999,11,357.2
1999,12,279.1
2000,1,264.1
2000,2,294.5
2000,3,199.8
2000,4,189.6
2000,5,41.9
2000,6,8.3
2000,7,4.2
2000,8,7.3
2000,9,99.9
2000,10,96.3
2000,11,196.0
2000,12,268.3
2001,1,180.0
2001,2,170.7
2001,3,251.6
2001,4,214.2
2001,5,118.3
2001,6,10.1
2001,7,0.0
2001,8,5.7
2001,9,30.1
2001,10,143.0
2001,11,197.5
2001,12,251.2
2002,1,373.7
2002,2,204.3
2002,3,187.7
2002,4,134.1
2002,5,77.4
2002,6,9.1
2002,7,0.5
2002,8,0.0
2002,9,54.0
2002,10,104.3
2002,11,143.8
2002,12,245.4
2003,1,222.3
2003,2,271.3
2003,3,232.8
2003,4,174.2
2003,5,89.3
2003,6,19.6
2003,7,0.0
2003,8,18.8
2003,9,29.0
2003,10,120.7
2003,11,174.7
2003,12,226.7
2004,1,329.4
2004,2,351.1
2004,3,272.2
2004,4,170.5
2004,5,22.8
2004,6,12.1
2004,7,6.9
2004,8,33.5
2004,9,21.0
2004,10,170.4
2004,11,135.5
2004,12,201.3
2005,1,249.7
2005,2,262.5
2005,3,402.4
2005,4,149.5
2005,5,70.9
2005,6,7.0
2005,7,0.0
2005,8,0.0
2005,9,58.3
2005,10,57.0
2005,11,156.9
2005,12,335.9
2006,1,170.7
2006,2,258.1
2006,3,277.0
2006,4,454.0
2006,5,103.8
2006,6,8.1
2006,7,0.0
2006,8,8.4
2006,9,63.0
2006,10,183.2
2006,11,162.6
2006,12,193.2
2007,1,236.8
2007,2,418.4
2007,3,143.5
2007,4,215.7
2007,5,61.6
2007,6,7.9
2007,7,0.0
2007,8,0.0
2007,9,23.3
2007,10,102.8
2007,11,144.9
2007,12,185.9
2008,1,274.0
2008,2,242.9
2008,3,294.8
2008,4,216.0
2008,5,128.6
2008,6,7.0
2008,7,0.0
2008,8,8.2
2008,9,36.0
2008,10,78.4
2008,11,227.1
2008,12,237.8
2009,1,178.0
2009,2,206.8
2009,3,233.8
2009,4,297.0
2009,5,256.6
2009,6,9.7
2009,7,0.0
2009,8,13.8
2009,9,44.6
2009,10,162.0
2009,11,123.7
2009,12,283.9
2010,1,218.3
2010,2,212.9
2010,3,181.2
2010,4,203.5
2010,5,31.0
2010,6,16.2
2010,7,0.0
2010,8,0.0
2010,9,7.0
2010,10,151.6
2010,11,141.1
2010,12,216.0
2011,1,269.3
2011,2,362.9
2011,3,261.4
2011,4,237.6
2011,5,76.9
2011,6,8.2
2011,7,0.0
2011,8,4.0
2011,9,18.3
2011,10,128.0
2011,11,340.7
2011,12,186.7
2012,1,271.7
2012,2,246.1
2012,3,199.4
2012,4,139.4
2012,5,55.8
2012,6,19.0
2012,7,0.0
2012,8,0.0
2012,9,27.3
2012,10,107.2
2012,11,247.1
2012,12,216.1
2013,1,422.1
2013,2,178.2
2013,3,162.3
2013,4,130.2
2013,5,101.3
2013,6,51.8
2013,7,0.0
2013,8,9.8
2013,9,37.5
2013,10,134.0
2013,11,210.8
2013,12,354.9
2014,1,190.0
2014,2,446.2
2014,3,356.2
2014,4,201.9
2014,5,95.1
2014,6,6.8
2014,7,7.0
2014,8,7.3
2014,9,49.6
2014,10,157.8
2014,11,266.5
2014,12,261.0
2015,1,335.7
2015,2,259.9
2015,3,197.1
2015,4,275.1
2015,5,92.3
2015,6,10.1
2015,7,8.8
2015,8,5.9
2015,9,10.2
2015,10,54.9
2015,11,79.5
2015,12,128.5
2016,1,393.8
2016,2,139.7
2016,3,254.6
2016,4,141.1
2016,5,49.5
2016,6,33.4
2016,7,1.3
2016,8,10.1
2016,9,83.7
2016,10,109.6
2016,11,209.7
2016,12,145.7
2017,1,248.8
2017,2,509.6
2017,3,267.7
2017,4,261.7
2017,5,28.9
2017,6,43.7
2017,7,0.0
2017,8,9.7
2017,9,5.0
2017,10,98.1
2017,11,186.5
2017,12,246.7
2018,1,229.8
2018,2,399.9
2018,3,444.1
2018,4,363.1
2018,5,11.2
2018,6,6.8
2018,7,0.0
2018,8,8.3
2018,9,57.9
2018,10,140.1
2018,11,233.8
2018,12,228.3
2019,1,192.5
2019,2,203.3
2019,3,335.6
2019,4,266.4
2019,5,91.6
2019,6,6.3
2019,7,10.7
2019,8,0.0
2019,9,28.7
2019,10,219.6
2019,11,168.7
2019,12,209.0
2020,1,244.9
2020,2,271.9
2020,3,374.9
2020,4,377.8
2020,5,61.3
2020,6,8.7
2020,7,1.9
2020,8,1.3
2020,9,17.0
2020,10,77.5
2020,11,146.9
2020,12,171.7
2021,1,179.5
2021,2,296.2
2021,3,280.6
2021,4,189.8
2021,5,24.5
2021,6,7.2
2021,7,14.0
2021,8,11.0
2021,9,58.0
2021,10,185.4
2021,11,302.3
2021,12,486.0
2022,1,295.7
2022,2,210.5
2022,3,240.5
2022,4,75.4
2022,5,11.6
2022,6,12.9
2022,7,0.0
2022,8,0.0
2022,9,8.4
2022,10,83.6
2022,11,306.6
2022,12,417.8
2023,1,209.2
2023,2,260.1
2023,3,379.7
2023,4,319.3
2023,5,85.4
2023,6,0.0
2023,7,0.0
2023,8,28.5
2023,9,33.0
2023,10,136.1
2023,11,141.9
2023,12,208.3
2024,1,297.6
2024,2,302.4
2024,3,299.5
2024,4,247.5
2024,5,6.6
2024,6,4.7
2024,7,0.0
2024,8,11.7
2024,9,25.3
2024,10,105.1
2024,11,169.8
2024,12,244.4
2025,1,273.1
2025,2,290.2
2025,3,290.1
2025,4,149.7
2025,5,23.9
2025,6,7.2
2025,7,2.3
2025,8,7.6
2025,9,25.8
2025,10,69.3
2025,11,187.5
2025,12,427.5
