ano,mes,vizinho,status_entrada,dentro_do_raster,status_pixel,valor_mm,row,col
1991,1,NO,ok,True,ok,310.9131,1354,2639
1991,1,N,ok,True,ok,348.3754,1354,2640
1991,1,NL,ok,True,ok,342.303,1354,2641
1991,1,O,ok,True,ok,293.6591,1355,2639
1991,1,centro,ok,True,ok,342.9423,1355,2640
1991,1,L,ok,True,ok,334.8702,1355,2641
1991,1,SO,ok,True,ok,281.0103,1356,2639
1991,1,S,ok,True,ok,328.7346,1356,2640
1991,1,SL,ok,True,ok,322.9863,1356,2641
1991,4,NO,ok,True,ok,174.7992,1354,2639
1991,4,N,ok,True,ok,219.1158,1354,2640
1991,4,NL,ok,True,ok,237.594,1354,2641
1991,4,O,ok,True,ok,182.5608,1355,2639
1991,4,centro,ok,True,ok,214.6288,1355,2640
1991,4,L,ok,True,ok,226.6125,1355,2641
1991,4,SO,ok,True,ok,205.6385,1356,2639
1991,4,S,ok,True,ok,209.8008,1356,2640
1991,4,SL,ok,True,ok,216.8572,1356,2641
1991,7,NO,ok,True,ok,2.1161,1354,2639
1991,7,N,ok,True,ok,1.7967,1354,2640
1991,7,NL,ok,True,ok,1.4951,1354,2641
1991,7,O,ok,True,ok,2.1241,1355,2639
1991,7,centro,ok,True,ok,1.9531,1355,2640
1991,7,L,ok,True,ok,1.6378,1355,2641
1991,7,SO,ok,True,ok,2.2611,1356,2639
1991,7,S,ok,True,ok,2.46,1356,2640
1991,7,SL,ok,True,ok,1.5077,1356,2641
1991,10,NO,ok,True,ok,66.8698,1354,2639
1991,10,N,ok,True,ok,61.0556,1354,2640
1991,10,NL,ok,True,ok,60.1249,1354,2641
1991,10,O,ok,True,ok,63.8817,1355,2639
1991,10,centro,ok,True,ok,58.2752,1355,2640
1991,10,L,ok,True,ok,61.6965,1355,2641
1991,10,SO,ok,True,ok,59.4771,1356,2639
1991,10,S,ok,True,ok,52.0695,1356,2640
1991,10,SL,ok,True,ok,54.4563,1356,2641
1998,1,NO,ok,True,ok,342.0641,1354,2639
1998,1,N,ok,True,ok,345.0919,1354,2640
1998,1,NL,ok,True,ok,317.7661,1354,2641
1998,1,O,ok,True,ok,345.6279,1355,2639
1998,1,centro,ok,True,ok,347.458,1355,2640
1998,1,L,ok,True,ok,336.0783,1355,2641
1998,1,SO,ok,True,ok,347.1894,1356,2639
1998,1,S,ok,True,ok,358.2018,1356,2640
1998,1,SL,ok,True,ok,359.0923,1356,2641
1998,4,NO,ok,True,ok,49.9475,1354,2639
1998,4,N,ok,True,ok,50.4415,1354,2640
1998,4,NL,ok,True,ok,52.1209,1354,2641
1998,4,O,ok,True,ok,48.2715,1355,2639
1998,4,centro,ok,True,ok,54.1047,1355,2640
1998,4,L,ok,True,ok,55.9389,1355,2641
1998,4,SO,ok,True,ok,44.0185,1356,2639
1998,4,S,ok,True,ok,53.4574,1356,2640
1998,4,SL,ok,True,ok,55.4099,1356,2641
1998,7,NO,ok,True,ok,3.5209,1354,2639
1998,7,N,ok,True,ok,3.1022,1354,2640
1998,7,NL,ok,True,ok,2.6798,1354,2641
1998,7,O,ok,True,ok,3.4981,1355,2639
1998,7,centro,ok,True,ok,3.3565,1355,2640
1998,7,L,ok,True,ok,2.9388,1355,2641
1998,7,SO,ok,True,ok,15.6058,1356,2639
1998,7,S,ok,True,ok,4.1746,1356,2640
1998,7,SL,ok,True,ok,2.6849,1356,2641
1998,10,NO,ok,True,ok,84.4321,1354,2639
1998,10,N,ok,True,ok,86.2147,1354,2640
1998,10,NL,ok,True,ok,89.8683,1354,2641
1998,10,O,ok,True,ok,86.9677,1355,2639
1998,10,centro,ok,True,ok,89.2952,1355,2640
1998,10,L,ok,True,ok,84.709,1355,2641
1998,10,SO,ok,True,ok,91.527,1356,2639
1998,10,S,ok,True,ok,85.3036,1356,2640
1998,10,SL,ok,True,ok,81.4054,1356,2641
2005,1,NO,ok,True,ok,265.0212,1354,2639
2005,1,N,ok,True,ok,263.7546,1354,2640
2005,1,NL,ok,True,ok,271.5021,1354,2641
2005,1,O,ok,True,ok,251.9728,1355,2639
2005,1,centro,ok,True,ok,258.8253,1355,2640
2005,1,L,ok,True,ok,262.6053,1355,2641
2005,1,SO,ok,True,ok,246.9455,1356,2639
2005,1,S,ok,True,ok,249.7238,1356,2640
2005,1,SL,ok,True,ok,250.375,1356,2641
2005,4,NO,ok,True,ok,141.1132,1354,2639
2005,4,N,ok,True,ok,141.8744,1354,2640
2005,4,NL,ok,True,ok,146.3492,1354,2641
2005,4,O,ok,True,ok,145.1145,1355,2639
2005,4,centro,ok,True,ok,143.7686,1355,2640
2005,4,L,ok,True,ok,141.6889,1355,2641
2005,4,SO,ok,True,ok,146.5136,1356,2639
2005,4,S,ok,True,ok,148.7651,1356,2640
2005,4,SL,ok,True,ok,143.6668,1356,2641
2005,7,NO,ok,True,ok,2.0448,1354,2639
2005,7,N,ok,True,ok,1.7304,1354,2640
2005,7,NL,ok,True,ok,1.4335,1354,2641
2005,7,O,ok,True,ok,2.0359,1355,2639
2005,7,centro,ok,True,ok,1.8672,1355,2640
2005,7,L,ok,True,ok,1.5581,1355,2641
2005,7,SO,ok,True,ok,2.1576,1356,2639
2005,7,S,ok,True,ok,2.3395,1356,2640
2005,7,SL,ok,True,ok,1.4262,1356,2641
2005,10,NO,ok,True,ok,48.8315,1354,2639
2005,10,N,ok,True,ok,43.8336,1354,2640
2005,10,NL,ok,True,ok,43.3282,1354,2641
2005,10,O,ok,True,ok,46.8606,1355,2639
2005,10,centro,ok,True,ok,43.3954,1355,2640
2005,10,L,ok,True,ok,41.9272,1355,2641
2005,10,SO,ok,True,ok,50.748,1356,2639
2005,10,S,ok,True,ok,47.4892,1356,2640
2005,10,SL,ok,True,ok,41.1563,1356,2641
2010,1,NO,ok,True,ok,216.9158,1354,2639
2010,1,N,ok,True,ok,204.45,1354,2640
2010,1,NL,ok,True,ok,233.9474,1354,2641
2010,1,O,ok,True,ok,213.623,1355,2639
2010,1,centro,ok,True,ok,206.4191,1355,2640
2010,1,L,ok,True,ok,226.6114,1355,2641
2010,1,SO,ok,True,ok,205.8179,1356,2639
2010,1,S,ok,True,ok,205.2158,1356,2640
2010,1,SL,ok,True,ok,225.4654,1356,2641
2010,4,NO,ok,True,ok,188.2234,1354,2639
2010,4,N,ok,True,ok,188.9147,1354,2640
2010,4,NL,ok,True,ok,192.5741,1354,2641
2010,4,O,ok,True,ok,184.1119,1355,2639
2010,4,centro,ok,True,ok,179.409,1355,2640
2010,4,L,ok,True,ok,191.9898,1355,2641
2010,4,SO,ok,True,ok,186.2653,1356,2639
2010,4,S,ok,True,ok,182.0142,1356,2640
2010,4,SL,ok,True,ok,186.1669,1356,2641
2010,7,NO,ok,True,ok,1.9443,1354,2639
2010,7,N,ok,True,ok,1.6844,1354,2640
2010,7,NL,ok,True,ok,1.4252,1354,2641
2010,7,O,ok,True,ok,1.975,1355,2639
2010,7,centro,ok,True,ok,1.8517,1355,2640
2010,7,L,ok,True,ok,1.5772,1355,2641
2010,7,SO,ok,True,ok,2.1364,1356,2639
2010,7,S,ok,True,ok,2.3643,1356,2640
2010,7,SL,ok,True,ok,1.4694,1356,2641
2010,10,NO,ok,True,ok,143.6098,1354,2639
2010,10,N,ok,True,ok,134.9989,1354,2640
2010,10,NL,ok,True,ok,129.964,1354,2641
2010,10,O,ok,True,ok,139.7104,1355,2639
2010,10,centro,ok,True,ok,136.1532,1355,2640
2010,10,L,ok,True,ok,125.6663,1355,2641
2010,10,SO,ok,True,ok,142.6154,1356,2639
2010,10,S,ok,True,ok,139.2809,1356,2640
2010,10,SL,ok,True,ok,137.299,1356,2641
2011,5,NO,ok,True,ok,117.6734,1354,2639
2011,5,N,ok,True,ok,117.6748,1354,2640
2011,5,NL,ok,True,ok,117.7218,1354,2641
2011,5,O,ok,True,ok,110.214,1355,2639
2011,5,centro,ok,True,ok,102.807,1355,2640
2011,5,L,ok,True,ok,105.4188,1355,2641
2011,5,SO,ok,True,ok,97.5867,1356,2639
2011,5,S,ok,True,ok,100.7145,1356,2640
2011,5,SL,ok,True,ok,106.9909,1356,2641
