year,month,Araguaina,Colinas,Tocantinopolis,prec_reg,date,nino34,soi,oni,clim,clim_sd,anom,sanom,tsa,pdo
1981,1,306.28000000000003,420.67,283.65000000000003,336.8666666666668,1981-01-01,-0.38,0.0,-0.26,234.6493333333333,81.93648186802442,102.2173333333334,1.2475191880702845,-0.27,1.38
1981,2,157.64,146.44,148.96,151.01333333333335,1981-02-01,-0.62,-0.4,-0.5,238.3397037037037,73.91614626861401,-87.32637037037037,-1.1814248277098092,-0.47,1.5
1981,3,307.21,362.7,247.07,305.66,1981-03-01,-0.51,-0.5,-0.47,259.2288888888889,62.7332333308384,46.431111111111136,0.7401357884145042,-0.64,1.49
1981,4,138.0,55.5,153.3,115.6,1981-04-01,-0.29,-0.2,-0.37,181.58444444444444,81.78274422227008,-65.98444444444443,-0.8068260006672209,-0.52,1.39
1981,5,9.61,2.48,14.88,8.99,1981-05-01,-0.3,0.6,-0.26,72.45962962962963,50.29320337448976,-63.46962962962963,-1.2619921852467118,-0.4,1.55
1981,6,13.8,17.099999999999998,12.3,14.4,1981-06-01,-0.19,0.9,-0.29,15.704444444444446,17.432466517647146,-1.3044444444444458,-0.0748284497276353,-0.22,1.97
1981,7,2.79,0.0,5.58,2.7900000000000005,1981-07-01,-0.37,0.9,-0.29,7.208074074074075,9.938383236624793,-4.418074074074074,-0.4445465594235336,-0.23,1.11
1981,8,28.52,10.23,22.63,20.46,1981-08-01,-0.32,0.6,-0.24,10.976296296296296,12.550561040665304,9.483703703703702,0.7556398214370958,0.12,0.72
1981,9,10.2,12.0,14.1,12.1,1981-09-01,-0.04,0.2,-0.16,44.57333333333333,29.935638535789657,-32.47333333333333,-1.0847716942636692,0.2,0.93
1981,10,120.59,207.7,99.82,142.70333333333335,1981-10-01,-0.11,0.0,-0.13,116.9342962962963,40.38136385486379,25.76903703703705,0.6381418203123237,0.35,0.2
1981,11,192.3,292.5,134.4,206.4,1981-11-01,-0.23,0.1,-0.15,162.5,54.90716131468066,43.900000000000006,0.7995314080872427,0.26,0.68
1981,12,173.91,187.55,151.28,170.91333333333333,1981-12-01,-0.11,0.6,-0.08,206.34748148148148,71.76756087549553,-35.434148148148154,-0.4937348812734538,0.1,0.68
1982,1,365.18,378.82,372.31,372.1033333333333,1982-01-01,0.11,0.7,-0.05,234.6493333333333,81.93648186802442,137.45399999999998,1.6775677557330075,0.03,0.22
1982,2,270.48,216.44,266.56,251.16,1982-02-01,-0.15,0.7,0.07,238.3397037037037,73.91614626861401,12.820296296296275,0.173443786553845,-0.2,0.1
1982,3,236.84,250.79,217.31,234.98,1982-03-01,0.25,0.3,0.18,259.2288888888889,62.7332333308384,-24.2488888888889,-0.3865397589345778,-0.21,0.03
1982,4,138.3,177.0,106.5,140.6,1982-04-01,0.45,0.1,0.47,181.58444444444444,81.78274422227008,-40.98444444444445,-0.5011380436569413,-0.35,-0.26
1982,5,23.87,52.08,26.66,34.20333333333333,1982-05-01,0.72,-0.4,0.66,72.45962962962963,50.29320337448976,-38.2562962962963,-0.7606653330756229,-0.37,-0.65
1982,6,1.7999999999999998,4.2,2.4,2.7999999999999994,1982-06-01,0.8,-0.9,0.72,15.704444444444446,17.432466517647146,-12.904444444444447,-0.7402535052272199,-0.45,-0.52
1982,7,4.03,1.55,4.65,3.41,1982-07-01,0.64,-1.4,0.79,7.208074074074075,9.938383236624793,-3.7980740740740746,-0.3821621669888382,-0.44,0.68
1982,8,10.23,23.56,9.92,14.57,1982-08-01,0.93,-1.6,1.07,10.976296296296296,12.550561040665304,3.593703703703703,0.2863380921426283,-0.57,0.57
1982,9,94.2,127.2,96.9,106.1,1982-09-01,1.64,-1.7,1.58,44.57333333333333,29.935638535789657,61.52666666666668,2.055298289131473,-0.31,1.09
1982,10,117.18,100.44,100.44,106.02,1982-10-01,2.16,-2.0,1.96,116.9342962962963,40.38136385486379,-10.9142962962963,-0.2702805268173653,-0.11,0.55
1982,11,100.8,152.7,75.3,109.59999999999998,1982-11-01,2.09,-2.2,2.18,162.5,54.90716131468066,-52.90000000000002,-0.963444453025402,-0.28,-0.21
1982,12,144.46,301.94,113.46,186.62,1982-12-01,2.28,-2.8,2.23,206.34748148148148,71.76756087549553,-19.72748148148148,-0.274880199923546,-0.17,0.16
1983,1,249.55,240.25,247.69,245.83,1983-01-01,2.32,-3.1,2.18,234.6493333333333,81.93648186802442,11.180666666666696,0.1364552933170289,0.33,0.42
1983,2,227.08,222.32,230.44,226.61333333333332,1983-02-01,1.94,-3.2,1.92,238.3397037037037,73.91614626861401,-11.726370370370375,-0.1586442335312816,0.37,1.08
1983,3,343.48,313.41,306.59000000000003,321.16,1983-03-01,1.49,-2.3,1.54,259.2288888888889,62.7332333308384,61.931111111111136,0.9872137593243904,-0.14,1.81
1983,4,49.8,36.0,66.9,50.9,1983-04-01,1.19,-0.9,1.29,181.58444444444444,81.78274422227008,-130.68444444444444,-1.5979464334098248,-0.25,1.58
1983,5,32.86,28.21,14.26,25.11,1983-05-01,1.18,-0.1,1.06,72.45962962962963,50.29320337448976,-47.34962962962963,-0.9414717387766712,-0.45,1.35
1983,6,3.6,1.7999999999999998,5.1000000000000005,3.5,1983-06-01,0.82,0.0,0.72,15.704444444444446,17.432466517647146,-12.204444444444446,-0.7000985449815552,-0.45,1.9
1983,7,1.24,0.0,2.48,1.24,1983-07-01,0.17,-0.2,0.32,7.208074074074075,9.938383236624793,-5.9680740740740745,-0.6005075405102723,-0.31,2.63
1983,8,25.110000000000003,5.89,42.16,24.38666666666667,1983-08-01,-0.04,0.1,-0.08,10.976296296296296,12.550561040665304,13.410370370370376,1.0685076409667411,-0.08,1.57
1983,9,64.80000000000001,92.4,64.80000000000001,74.00000000000001,1983-09-01,-0.36,0.5,-0.45,44.57333333333333,29.935638535789657,29.426666666666684,0.9829977948018556,0.04,0.76
1983,10,176.39,173.91,182.28,177.52666666666667,1983-10-01,-0.96,0.4,-0.81,116.9342962962963,40.38136385486379,60.592370370370375,1.500503316038253,-0.08,0.87
1983,11,169.2,243.0,158.7,190.3,1983-11-01,-1.1,0.1,-1.0,162.5,54.90716131468066,27.799999999999983,0.5063091832534243,0.06,1.13
1983,12,203.98,263.81,186.93,218.24,1983-12-01,-0.94,0.0,-0.91,206.34748148148148,71.76756087549553,11.892518518518528,0.1657088296361362,0.39,1.4
1984,1,179.79999999999998,162.75,207.7,183.41666666666663,1984-01-01,-0.69,0.4,-0.6,234.6493333333333,81.93648186802442,-51.23266666666666,-0.6252729614286763,0.68,1.29
1984,2,227.65,198.07,254.04,226.58666666666667,1984-02-01,-0.18,0.3,-0.42,238.3397037037037,73.91614626861401,-11.753037037037046,-0.1590050027003041,0.65,1.13
1984,3,286.44,297.91,337.28000000000003,307.21,1984-03-01,-0.39,0.3,-0.34,259.2288888888889,62.7332333308384,47.98111111111109,0.7648435855054921,0.79,1.46
1984,4,315.0,337.5,310.79999999999995,321.1,1984-04-01,-0.44,0.1,-0.43,181.58444444444444,81.78274422227008,139.51555555555552,1.705929005957278,0.5,1.1
1984,5,75.64,49.29,115.63,80.18666666666665,1984-05-01,-0.46,0.1,-0.51,72.45962962962963,50.29320337448976,7.727037037037022,0.153639786662633,0.26,1.0
1984,6,8.7,6.9,10.2,8.6,1984-06-01,-0.63,0.0,-0.44,15.704444444444446,17.432466517647146,-7.104444444444447,-0.4075409774774276,0.46,0.1
1984,7,1.55,1.24,1.55,1.4466666666666663,1984-07-01,-0.24,0.1,-0.3,7.208074074074075,9.938383236624793,-5.761407407407408,-0.5797127430320406,0.55,0.08
1984,8,30.69,34.410000000000004,36.89,33.99666666666667,1984-08-01,-0.04,0.2,-0.16,10.976296296296296,12.550561040665304,23.02037037037037,1.834210462447188,0.77,0.56
1984,9,105.0,93.0,113.4,103.8,1984-09-01,-0.19,0.1,-0.24,44.57333333333333,29.935638535789657,59.22666666666667,1.9784667895377617,0.84,0.62
1984,10,150.04,225.68,102.61,159.44333333333333,1984-10-01,-0.49,0.0,-0.56,116.9342962962963,40.38136385486379,42.50903703703703,1.0526894829461528,0.59,0.7
1984,11,116.1,114.3,104.1,111.5,1984-11-01,-1.0,-0.0,-0.91,162.5,54.90716131468066,-51.0,-0.9288405879829014,0.31,0.59
1984,12,136.09,150.66,126.17000000000002,137.64,1984-12-01,-1.25,-0.0,-1.14,206.34748148148148,71.76756087549553,-68.7074814814815,-0.9573612457120738,0.25,0.43
1985,1,501.89,524.5200000000001,468.1,498.1700000000001,1985-01-01,-1.17,0.3,-1.04,234.6493333333333,81.93648186802442,263.5206666666668,3.216157939159764,0.32,0.88
1985,2,332.08,340.2,325.36,332.5466666666666,1985-02-01,-0.71,0.6,-0.85,238.3397037037037,73.91614626861401,94.2069629629629,1.2745112904102347,0.52,0.59
1985,3,315.58,253.89,243.04,270.83666666666664,1985-03-01,-0.67,1.1,-0.77,259.2288888888889,62.7332333308384,11.607777777777756,0.1850339471036256,0.14,-0.06
1985,4,401.1,405.3,329.40000000000003,378.6,1985-04-01,-0.93,0.8,-0.78,181.58444444444444,81.78274422227008,197.01555555555552,2.4090113070809216,0.15,-0.13
1985,5,119.66,120.9,107.26,115.94,1985-05-01,-0.75,0.4,-0.78,72.45962962962963,50.29320337448976,43.480370370370366,0.86453769998721,0.24,-0.28
1985,6,45.0,11.1,42.3,32.8,1985-06-01,-0.65,-0.0,-0.62,15.704444444444446,17.432466517647146,17.09555555555555,0.9806733624441192,0.04,0.35
1985,7,11.47,15.81,9.61,12.296666666666669,1985-07-01,-0.47,0.2,-0.49,7.208074074074075,9.938383236624793,5.088592592592592,0.5120141245751302,0.27,0.96
1985,8,13.33,11.16,5.89,10.126666666666669,1985-08-01,-0.35,0.3,-0.46,10.976296296296296,12.550561040665304,-0.8496296296296286,-0.0676965457461804,0.1,0.88
1985,9,57.0,78.60000000000001,35.099999999999994,56.9,1985-09-01,-0.55,0.2,-0.4,44.57333333333333,29.935638535789657,12.326666666666668,0.4117722978225261,0.02,0.66
1985,10,215.45,269.39,163.99,216.27666666666667,1985-10-01,-0.3,-0.2,-0.35,116.9342962962963,40.38136385486379,99.34237037037038,2.460104386949896,0.27,0.42
1985,11,211.8,214.8,164.1,196.9,1985-11-01,-0.2,-0.1,-0.27,162.5,54.90716131468066,34.400000000000006,0.6265120828747415,0.24,-0.45
1985,12,390.91,497.86,341.62,410.13,1985-12-01,-0.32,0.3,-0.36,206.34748148148148,71.76756087549553,203.7825185185185,2.839479509022835,0.29,0.4
1986,1,232.81,195.61,246.76,225.06,1986-01-01,-0.56,0.1,-0.49,234.6493333333333,81.93648186802442,-9.589333333333345,-0.1170337451000024,0.2,1.02
1986,2,210.56,279.44,193.48,227.82666666666668,1986-02-01,-0.6,0.2,-0.47,238.3397037037037,73.91614626861401,-10.513037037037035,-0.142229236340762,0.47,1.68
1986,3,340.38,360.53,335.73,345.5466666666667,1986-03-01,-0.26,-0.1,-0.31,259.2288888888889,62.7332333308384,86.31777777777779,1.3759497668892782,0.38,1.99
1986,4,251.40000000000003,217.8,245.1,238.1,1986-04-01,-0.08,0.2,-0.2,181.58444444444444,81.78274422227008,56.51555555555555,0.6910449886831497,0.28,1.4
1986,5,27.28,31.62,55.8,38.23333333333334,1986-05-01,-0.27,0.4,-0.12,72.45962962962963,50.29320337448976,-34.22629629629629,-0.6805352214581126,0.26,1.03
1986,6,29.4,14.1,26.4,23.3,1986-06-01,-0.01,0.4,-0.04,15.704444444444446,17.432466517647146,7.595555555555551,0.4357131876815284,0.41,1.05
1986,7,16.12,17.98,13.02,15.706666666666669,1986-07-01,0.17,0.3,0.22,7.208074074074075,9.938383236624793,8.498592592592594,0.8551282829659554,0.19,1.44
1986,8,26.35,38.13,17.360000000000003,27.28,1986-08-01,0.51,-0.2,0.44,10.976296296296296,12.550561040665304,16.303703703703704,1.2990418237780583,0.21,0.7
1986,9,68.1,42.9,49.5,53.5,1986-09-01,0.65,-0.1,0.71,44.57333333333333,29.935638535789657,8.92666666666667,0.2981952984231274,0.3,0.76
1986,10,216.38,268.46,149.11,211.3166666666667,1986-10-01,0.98,-0.4,0.94,116.9342962962963,40.38136385486379,94.3823703703704,2.3372754498732062,0.14,1.39
1986,11,111.9,186.0,91.8,129.9,1986-11-01,1.2,-0.7,1.14,162.5,54.90716131468066,-32.599999999999994,-0.5937294738871094,-0.17,1.81
1986,12,168.95000000000002,187.24,152.82999999999998,169.67333333333332,1986-12-01,1.24,-1.1,1.22,206.34748148148148,71.76756087549553,-36.67414814814816,-0.5110128824326571,0.02,1.61
1987,1,143.53,177.32,118.42,146.42333333333332,1987-01-01,1.22,-1.1,1.23,234.6493333333333,81.93648186802442,-88.226,-1.076760900499806,0.02,1.59
1987,2,141.96,200.2,131.32000000000002,157.82666666666668,1987-02-01,1.23,-1.1,1.19,238.3397037037037,73.91614626861401,-80.51303703703704,-1.0892483050245838,0.08,1.71
1987,3,324.88,354.64,278.07,319.19666666666666,1987-03-01,1.13,-1.3,1.06,259.2288888888889,62.7332333308384,59.96777777777777,0.9559172163424712,0.16,1.58
1987,4,103.8,131.7,90.3,108.59999999999998,1987-04-01,0.82,-1.3,0.94,181.58444444444444,81.78274422227008,-72.98444444444446,-0.8924186286300996,0.04,1.73
1987,5,38.75,73.78,35.34,49.29,1987-05-01,0.88,-1.3,0.97,72.45962962962963,50.29320337448976,-23.169629629629632,-0.4606910690716108,0.28,1.54
1987,6,7.800000000000001,2.1,9.3,6.400000000000001,1987-06-01,1.21,-1.3,1.22,15.704444444444446,17.432466517647146,-9.304444444444446,-0.5337422811066591,0.42,0.77
1987,7,0.93,0.0,2.48,1.1366666666666667,1987-07-01,1.57,-1.1,1.51,7.208074074074075,9.938383236624793,-6.071407407407408,-0.6109049392493883,0.5,1.81
1987,8,18.29,31.93,7.439999999999999,19.22,1987-08-01,1.76,-1.1,1.7,10.976296296296296,12.550561040665304,8.243703703703703,0.6568394573751027,0.43,2.17
1987,9,69.0,123.9,40.8,77.89999999999999,1987-09-01,1.77,-0.8,1.65,44.57333333333333,29.935638535789657,33.32666666666666,1.11327729411293,0.32,1.98
1987,10,111.29,166.47,76.26,118.00666666666666,1987-10-01,1.42,-0.5,1.49,116.9342962962963,40.38136385486379,1.0723703703703649,0.0265560711179694,0.42,1.24
1987,11,140.1,156.3,106.8,134.4,1987-11-01,1.27,-0.3,1.25,162.5,54.90716131468066,-28.099999999999994,-0.5117729514180299,0.63,1.16
1987,12,222.27,239.01,197.16,219.48,1987-12-01,1.07,-0.2,1.11,206.34748148148148,71.76756087549553,13.132518518518538,0.1829868307953396,0.39,0.87
1988,1,177.01,233.74,168.64,193.13,1988-01-01,0.99,-0.3,0.81,234.6493333333333,81.93648186802442,-41.51933333333332,-0.5067258489351393,0.63,0.42
1988,2,270.28000000000003,267.09000000000003,253.75,263.70666666666665,1988-02-01,0.37,0.0,0.54,238.3397037037037,73.91614626861401,25.36696296296293,0.3431856805788879,0.66,0.58
1988,3,284.27,216.38,304.73,268.46,1988-03-01,0.25,0.1,0.14,259.2288888888889,62.7332333308384,9.23111111111109,0.1471486582307763,0.77,0.64
1988,4,262.5,197.1,290.7,250.1,1988-04-01,-0.19,0.5,-0.31,181.58444444444444,81.78274422227008,68.51555555555558,0.8377752080480843,0.59,0.51
1988,5,44.64,38.44,44.02,42.36666666666667,1988-05-01,-1.0,0.4,-0.88,72.45962962962963,50.29320337448976,-30.092962962962964,-0.5983504915939999,0.71,0.6
1988,6,37.8,22.2,50.4,36.8,1988-06-01,-1.44,0.7,-1.3,15.704444444444446,17.432466517647146,21.09555555555555,1.210130278133631,0.73,0.3
1988,7,3.41,0.31,5.89,3.2033333333333336,1988-07-01,-1.45,0.9,-1.29,7.208074074074075,9.938383236624793,-4.004740740740742,-0.4029569644670701,0.46,0.2
1988,8,2.1700000000000004,0.31,3.72,2.066666666666667,1988-08-01,-0.99,1.4,-1.1,10.976296296296296,12.550561040665304,-8.90962962962963,-0.7098989121491361,0.5,-0.12
1988,9,48.6,63.6,35.7,49.3,1988-09-01,-0.87,1.6,-1.19,44.57333333333333,29.935638535789657,4.726666666666674,0.1578942991650467,0.3,-0.33
1988,10,150.97,199.02,118.42,156.13666666666666,1988-10-01,-1.71,1.6,-1.48,116.9342962962963,40.38136385486379,39.20237037037036,0.970803524895026,0.37,0.02
1988,11,241.8,274.5,238.5,251.6,1988-11-01,-1.85,1.4,-1.8,162.5,54.90716131468066,89.1,1.6227391448877748,0.14,0.02
1988,12,201.5,310.93,198.09,236.84,1988-12-01,-1.83,1.5,-1.85,206.34748148148148,71.76756087549553,30.492518518518523,0.4248788470241846,0.19,-0.25
1989,1,186.93,226.61,190.96,201.5,1989-01-01,-1.87,1.3,-1.69,234.6493333333333,81.93648186802442,-33.14933333333332,-0.4045735498715596,0.41,-1.16
1989,2,165.20000000000002,206.36,177.24,182.93333333333337,1989-02-01,-1.37,1.3,-1.43,238.3397037037037,73.91614626861401,-55.406370370370354,-0.7495841323899862,0.23,-1.24
1989,3,310.31,333.25,262.88,302.1466666666667,1989-03-01,-1.05,1.3,-1.08,259.2288888888889,62.7332333308384,42.917777777777815,0.6841314483415969,0.35,-0.96
1989,4,246.3,274.8,262.8,261.3,1989-04-01,-0.82,1.3,-0.83,181.58444444444444,81.78274422227008,79.71555555555557,0.9747234127886896,0.29,-0.16
1989,5,124.0,119.66,127.1,123.58666666666666,1989-05-01,-0.61,1.2,-0.57,72.45962962962963,50.29320337448976,51.12703703703703,1.0165794502358187,0.33,0.05
1989,6,43.5,24.9,50.7,39.7,1989-06-01,-0.29,0.9,-0.4,15.704444444444446,17.432466517647146,23.995555555555548,1.3764865420085268,0.31,0.1
1989,7,45.26,8.06,57.04,36.78666666666667,1989-07-01,-0.3,0.4,-0.31,7.208074074074075,9.938383236624793,29.578592592592592,2.976197625745601,0.26,0.5
1989,8,24.49,32.86,21.08,26.14333333333333,1989-08-01,-0.33,0.4,-0.27,10.976296296296296,12.550561040665304,15.16703703703704,1.208474823387898,0.39,-0.0
1989,9,47.400000000000006,89.4,40.2,59.0,1989-09-01,-0.18,0.3,-0.24,44.57333333333333,29.935638535789657,14.42666666666667,0.4819227974515666,0.21,-0.13
1989,10,140.11999999999998,227.85,119.97,162.64666666666665,1989-10-01,-0.22,0.4,-0.22,116.9342962962963,40.38136385486379,45.71237037037035,1.1320165048081816,0.28,-0.23
1989,11,191.1,274.8,138.6,201.5,1989-11-01,-0.25,0.0,-0.16,162.5,54.90716131468066,39.0,0.7102898613986893,-0.06,-0.53
1989,12,349.98999999999995,540.33,330.46,406.9266666666667,1989-12-01,-0.01,-0.3,-0.05,206.34748148148148,71.76756087549553,200.5791851851852,2.794844672694894,-0.25,-0.1
1990,1,93.31,151.28,96.1,113.56333333333332,1990-01-01,0.11,-0.8,0.14,234.6493333333333,81.93648186802442,-121.08599999999998,-1.477803259786452,-0.34,-0.31
1990,2,374.92,215.04,423.64,337.8666666666667,1990-02-01,0.31,-0.8,0.21,238.3397037037037,73.91614626861401,99.52696296296295,1.346484739630206,0.13,-0.9
1990,3,213.59,220.1,191.27,208.32,1990-03-01,0.2,-0.7,0.28,259.2288888888889,62.7332333308384,-50.90888888888887,-0.8115138688995818,0.32,-0.78
1990,4,147.0,86.39999999999999,124.2,119.2,1990-04-01,0.33,0.3,0.29,181.58444444444444,81.78274422227008,-62.384444444444455,-0.7628069348577409,0.35,0.09
1990,5,60.45,52.08,50.84,54.45666666666667,1990-05-01,0.34,0.6,0.29,72.45962962962963,50.29320337448976,-18.00296296296296,-0.3579601567414695,-0.06,0.0
1990,6,5.7,4.5,8.4,6.2,1990-06-01,0.21,0.7,0.31,15.704444444444446,17.432466517647146,-9.504444444444443,-0.5452151268911346,0.08,-0.08
1990,7,56.11,37.51,50.84,48.15333333333333,1990-07-01,0.37,0.2,0.33,7.208074074074075,9.938383236624793,40.94525925925925,4.119911487048351,-0.11,-0.02
1990,8,13.95,22.63,8.99,15.19,1990-08-01,0.42,-0.1,0.38,10.976296296296296,12.550561040665304,4.213703703703704,0.335738274173625,-0.13,0.02
1990,9,71.7,75.3,69.3,72.10000000000001,1990-09-01,0.35,-0.2,0.39,44.57333333333333,29.935638535789657,27.52666666666668,0.9195282951374856,-0.07,0.16
1990,10,157.17000000000002,178.56,132.68,156.13666666666668,1990-10-01,0.4,-0.3,0.35,116.9342962962963,40.38136385486379,39.20237037037039,0.9708035248950266,0.1,-0.76
1990,11,118.8,159.0,118.2,132.0,1990-11-01,0.31,-0.1,0.4,162.5,54.90716131468066,-30.5,-0.5554830967348724,0.17,-1.47
1990,12,244.9,199.64,225.06,223.2,1990-12-01,0.48,-0.0,0.41,206.34748148148148,71.76756087549553,16.852518518518536,0.2348208342729493,0.22,-1.84
1991,1,281.48,372.0,271.56,308.34666666666664,1991-01-01,0.45,0.2,0.41,234.6493333333333,81.93648186802442,73.69733333333332,0.8994446875573454,0.12,-1.54
1991,2,198.52,209.72,246.12,218.12,1991-02-01,0.29,0.1,0.26,238.3397037037037,73.91614626861401,-20.219703703703715,-0.2735492138649188,0.06,-0.74
1991,3,327.05,322.40000000000003,259.47,302.97333333333336,1991-03-01,0.05,-0.3,0.22,259.2288888888889,62.7332333308384,43.74444444444447,0.6973089401234572,0.14,-0.77
1991,4,194.4,234.6,195.9,208.30000000000004,1991-04-01,0.32,-0.8,0.26,181.58444444444444,81.78274422227008,26.7155555555556,0.3266649439268967,0.31,-1.28
1991,5,112.84,74.09,112.53,99.82,1991-05-01,0.4,-0.6,0.46,72.45962962962963,50.29320337448976,27.360370370370376,0.5440172535171698,0.49,-1.23
1991,6,16.200000000000003,0.8999999999999999,25.2,14.1,1991-06-01,0.65,-0.4,0.64,15.704444444444446,17.432466517647146,-1.6044444444444448,-0.0920377184043486,0.44,-1.95
1991,7,9.92,0.0,28.52,12.813333333333333,1991-07-01,0.86,-0.2,0.73,7.208074074074075,9.938383236624793,5.605259259259258,0.5640011182707096,0.05,-1.08
1991,8,3.1,0.0,4.65,2.583333333333333,1991-08-01,0.69,-0.6,0.64,10.976296296296296,12.550561040665304,-8.392962962962962,-0.6687320937899722,-0.33,-0.28
1991,9,42.0,123.0,33.300000000000004,66.10000000000001,1991-09-01,0.36,-1.0,0.62,44.57333333333333,29.935638535789657,21.52666666666668,0.7190982961973701,-0.36,0.41
1991,10,92.38,122.14,105.4,106.64,1991-10-01,0.82,-1.1,0.79,116.9342962962963,40.38136385486379,-10.29429629629631,-0.2549269096827792,-0.36,0.54
1991,11,87.6,202.5,113.1,134.4,1991-11-01,1.19,-1.2,1.21,162.5,54.90716131468066,-28.099999999999994,-0.5117729514180299,-0.34,0.57
1991,12,129.89,208.01,103.85,147.25,1991-12-01,1.62,-1.8,1.53,206.34748148148148,71.76756087549553,-59.09748148148148,-0.8234567367282486,-0.08,-0.12
1992,1,234.67,304.73,241.8,260.40000000000003,1992-01-01,1.78,-1.9,1.71,234.6493333333333,81.93648186802442,25.75066666666672,0.3142759620573345,-0.27,0.13
1992,2,292.61,258.39,339.01,296.67,1992-02-01,1.74,-1.9,1.63,238.3397037037037,73.91614626861401,58.3302962962963,0.7891414696367129,-0.26,0.37
1992,3,189.1,175.15,177.94,180.73,1992-03-01,1.38,-1.3,1.48,259.2288888888889,62.7332333308384,-78.4988888888889,-1.25131265711918,-0.4,0.27
1992,4,112.5,140.70000000000002,99.0,117.40000000000002,1992-04-01,1.32,-0.9,1.29,181.58444444444444,81.78274422227008,-64.18444444444442,-0.7848164677624806,-0.57,0.75
1992,5,15.81,13.02,13.64,14.156666666666666,1992-05-01,1.16,-0.4,1.06,72.45962962962963,50.29320337448976,-58.302962962962965,-1.1592612729165706,-0.66,1.58
1992,6,9.3,6.3,9.3,8.3,1992-06-01,0.7,-0.3,0.73,15.704444444444446,17.432466517647146,-7.404444444444445,-0.4247502461541409,-0.8,1.49
1992,7,2.48,1.24,2.1700000000000004,1.9633333333333336,1992-07-01,0.33,-0.3,0.37,7.208074074074075,9.938383236624793,-5.244740740740741,-0.527725749336461,-0.6,1.86
1992,8,2.79,3.41,1.86,2.686666666666667,1992-08-01,0.07,-0.0,0.09,10.976296296296296,12.550561040665304,-8.289629629629628,-0.6604987301181394,-0.66,1.31
1992,9,90.3,112.5,81.3,94.7,1992-09-01,-0.13,-0.3,-0.13,44.57333333333333,29.935638535789657,50.12666666666667,1.6744812911452536,-0.56,0.96
1992,10,46.81,85.55999999999999,34.1,55.48999999999999,1992-10-01,-0.34,-0.7,-0.25,116.9342962962963,40.38136385486379,-61.44429629629631,-1.5216003232861477,-0.52,1.34
1992,11,164.1,220.5,150.29999999999998,178.29999999999998,1992-11-01,-0.28,-0.9,-0.28,162.5,54.90716131468066,15.799999999999985,0.2877584566692123,-0.79,1.3
1992,12,166.78,291.40000000000003,112.22,190.13333333333333,1992-12-01,-0.21,-0.7,-0.13,206.34748148148148,71.76756087549553,-16.214148148148126,-0.2259258633058034,-0.36,0.45
1993,1,149.42000000000002,130.51,192.2,157.3766666666667,1993-01-01,0.1,-0.7,0.09,234.6493333333333,81.93648186802442,-77.27266666666665,-0.9430801140709238,-0.25,-0.1
1993,2,354.2,441.28,293.16,362.88,1993-02-01,0.38,-0.7,0.29,238.3397037037037,73.91614626861401,124.54029629629622,1.684886220173224,-0.13,0.27
1993,3,164.61,194.37,169.88000000000002,176.28666666666666,1993-03-01,0.4,-0.8,0.5,259.2288888888889,62.7332333308384,-82.94222222222223,-1.3221416754466806,-0.09,0.62
1993,4,194.7,174.60000000000002,138.3,169.20000000000002,1993-04-01,0.71,-0.7,0.67,181.58444444444444,81.78274422227008,-12.384444444444426,-0.151431020837181,0.2,1.16
1993,5,36.27,70.99,39.68,48.98,1993-05-01,0.91,-0.8,0.7,72.45962962962963,50.29320337448976,-23.479629629629635,-0.4668549238114193,0.03,1.79
1993,6,11.1,6.3,11.4,9.6,1993-06-01,0.48,-0.6,0.57,15.704444444444446,17.432466517647146,-6.104444444444447,-0.3501767485550496,-0.03,2.13
1993,7,8.06,0.62,10.54,6.406666666666667,1993-07-01,0.33,-0.8,0.32,7.208074074074075,9.938383236624793,-0.8014074074074076,-0.0806376035544767,0.05,1.71
1993,8,44.02,33.17,28.52,35.236666666666665,1993-08-01,0.15,-0.8,0.26,10.976296296296296,12.550561040665304,24.260370370370367,1.933010826509181,0.04,2.16
1993,9,73.2,122.4,67.5,87.7,1993-09-01,0.29,-0.9,0.15,44.57333333333333,29.935638535789657,43.12666666666667,1.4406462923817855,0.44,1.51
1993,10,186.93,194.37,96.1,159.13333333333333,1993-10-01,0.02,-0.6,0.11,116.9342962962963,40.38136385486379,42.19903703703703,1.0450126743788597,0.69,1.52
1993,11,181.8,231.6,153.0,188.8,1993-11-01,0.01,-0.3,0.04,162.5,54.90716131468066,26.299999999999983,0.4789903424303979,0.75,1.13
1993,12,252.96,295.12,224.13,257.40333333333336,1993-12-01,0.1,0.0,0.06,206.34748148148148,71.76756087549553,51.05585185185189,0.7114056995809719,0.5,0.74
1994,1,322.40000000000003,299.46,333.56,318.47333333333336,1994-01-01,0.06,0.1,0.06,234.6493333333333,81.93648186802442,83.82400000000004,1.0230363580293311,0.32,0.97
1994,2,271.88,351.12,234.92,285.97333333333336,1994-02-01,0.03,-0.2,0.07,238.3397037037037,73.91614626861401,47.63362962962964,0.6444279367125995,0.12,0.5
1994,3,364.56,284.89,389.05,346.1666666666667,1994-03-01,0.11,-0.6,0.17,259.2288888888889,62.7332333308384,86.9377777777778,1.3858328857256736,0.24,0.49
1994,4,197.7,165.9,173.4,179.0,1994-04-01,0.38,-0.9,0.31,181.58444444444444,81.78274422227008,-2.5844444444444434,-0.0316013416891515,0.18,0.75
1994,5,86.49,92.07,105.4,94.65333333333332,1994-05-01,0.43,-0.8,0.42,72.45962962962963,50.29320337448976,22.19370370370369,0.4412863411870282,0.11,0.69
1994,6,82.8,57.6,78.3,72.89999999999999,1994-06-01,0.44,-0.8,0.41,15.704444444444446,17.432466517647146,57.19555555555554,3.2809789422314752,-0.18,0.09
1994,7,1.55,0.0,3.41,1.653333333333333,1994-07-01,0.35,-1.0,0.44,7.208074074074075,9.938383236624793,-5.554740740740741,-0.5589179455538088,-0.26,-0.38
1994,8,7.13,6.51,7.75,7.13,1994-08-01,0.54,-1.4,0.43,10.976296296296296,12.550561040665304,-3.846296296296296,-0.3064640922293306,-0.17,-0.55
1994,9,63.6,51.3,23.4,46.1,1994-09-01,0.41,-1.3,0.55,44.57333333333333,29.935638535789657,1.5266666666666708,0.0509982997303184,-0.15,-0.91
1994,10,138.57,139.81,101.06,126.48,1994-10-01,0.71,-1.1,0.74,116.9342962962963,40.38136385486379,9.545703703703708,0.2363888386239822,-0.05,-0.76
1994,11,193.5,213.0,209.4,205.3,1994-11-01,1.11,-1.0,1.0,162.5,54.90716131468066,42.79999999999998,0.7794975914836895,0.08,-1.76
1994,12,252.03000000000003,287.68,184.14,241.2833333333334,1994-12-01,1.19,-0.7,1.09,206.34748148148148,71.76756087549553,34.93585185185191,0.4867916845113302,0.2,-2.11
1995,1,179.18,224.75,161.20000000000002,188.3766666666667,1995-01-01,0.98,-0.6,0.96,234.6493333333333,81.93648186802442,-46.27266666666665,-0.5647382656872956,0.4,-0.77
1995,2,342.44,291.76,365.4,333.2,1995-02-01,0.71,0.1,0.72,238.3397037037037,73.91614626861401,94.86029629629628,1.283350135051284,0.61,0.05
1995,3,275.59000000000003,286.13,249.55,270.42333333333335,1995-03-01,0.48,0.0,0.53,259.2288888888889,62.7332333308384,11.194444444444455,0.1784452012126958,0.74,0.57
1995,4,253.5,212.4,247.2,237.7,1995-04-01,0.41,-0.1,0.3,181.58444444444444,81.78274422227008,56.11555555555557,0.6861539813709855,0.61,0.67
1995,5,167.71,157.79,173.6,166.36666666666667,1995-05-01,0.02,-0.3,0.14,72.45962962962963,50.29320337448976,93.90703703703704,1.867191404329388,0.59,1.14
1995,6,8.7,0.3,9.6,6.199999999999999,1995-06-01,-0.01,0.0,-0.03,15.704444444444446,17.432466517647146,-9.504444444444449,-0.5452151268911347,0.64,1.11
1995,7,0.62,0.0,1.86,0.8266666666666667,1995-07-01,-0.11,0.3,-0.24,7.208074074074075,9.938383236624793,-6.3814074074074085,-0.6420971354667361,0.35,1.43
1995,8,0.0,0.0,0.0,0.0,1995-08-01,-0.61,0.3,-0.54,10.976296296296296,12.550561040665304,-10.976296296296296,-0.8745661855857914,-0.07,0.33
1995,9,3.9,7.5,0.8999999999999999,4.1000000000000005,1995-09-01,-0.9,0.2,-0.81,44.57333333333333,29.935638535789657,-40.47333333333333,-1.3520116928504895,-0.04,1.48
1995,10,114.7,121.52,107.26,114.49333333333334,1995-10-01,-0.92,0.1,-0.97,116.9342962962963,40.38136385486379,-2.4409629629629563,-0.0604477593113525,-0.05,0.6
1995,11,262.2,345.9,211.8,273.3,1995-11-01,-1.1,-0.2,-1.01,162.5,54.90716131468066,110.8,2.017951708794225,0.12,0.1
1995,12,287.06,266.91,266.91,273.62666666666667,1995-12-01,-1.0,0.2,-0.99,206.34748148148148,71.76756087549553,67.27918518518518,0.937459548080547,0.0,0.36
1996,1,234.67,213.28,206.46,218.13666666666663,1996-01-01,-0.86,0.3,-0.9,234.6493333333333,81.93648186802442,-16.51266666666666,-0.2015300912390125,0.18,0.78
1996,2,233.74,193.72,212.57,213.34333333333333,1996-02-01,-0.85,0.8,-0.76,238.3397037037037,73.91614626861401,-24.996370370370386,-0.3381719912660577,0.43,0.85
1996,3,348.13,256.06,375.41,326.5333333333333,1996-03-01,-0.56,0.7,-0.59,259.2288888888889,62.7332333308384,67.30444444444441,1.0728674559064837,0.47,0.93
1996,4,273.6,229.5,283.2,262.1,1996-04-01,-0.36,0.7,-0.39,181.58444444444444,81.78274422227008,80.51555555555552,0.9845054274130178,0.65,1.29
1996,5,82.77,77.80999999999999,101.06,87.21333333333332,1996-05-01,-0.26,0.8,-0.31,72.45962962962963,50.29320337448976,14.753703703703692,0.293353827431625,0.77,1.99
1996,6,0.6,0.0,0.8999999999999999,0.5,1996-06-01,-0.3,0.7,-0.29,15.704444444444446,17.432466517647146,-15.204444444444446,-0.8721912317486892,0.87,1.1
1996,7,1.55,0.0,2.48,1.3433333333333335,1996-07-01,-0.32,0.9,-0.27,7.208074074074075,9.938383236624793,-5.864740740740741,-0.5901101417711564,0.66,0.52
1996,8,2.48,2.48,0.93,1.9633333333333336,1996-08-01,-0.2,0.7,-0.32,10.976296296296296,12.550561040665304,-9.012962962962964,-0.718132275820969,0.35,0.08
1996,9,14.1,17.7,15.9,15.9,1996-09-01,-0.45,0.6,-0.35,44.57333333333333,29.935638535789657,-28.67333333333333,-0.9578326949349294,0.13,0.48
1996,10,148.18,207.7,126.79,160.89,1996-10-01,-0.4,0.4,-0.4,116.9342962962963,40.38136385486379,43.95570370370372,1.088514589593521,0.12,0.48
1996,11,218.1,197.1,206.1,207.1,1996-11-01,-0.34,0.5,-0.45,162.5,54.90716131468066,44.6,0.8122802004713215,0.12,0.56
1996,12,127.41,169.26,125.86,140.84333333333333,1996-12-01,-0.61,0.4,-0.5,206.34748148148148,71.76756087549553,-65.50414814814815,-0.912726409384132,-0.06,0.1
1997,1,337.59000000000003,318.37,336.66,330.87333333333333,1997-01-01,-0.54,1.0,-0.5,234.6493333333333,81.93648186802442,96.22400000000002,1.1743730973827824,-0.22,0.61
1997,2,139.16,217.0,111.44,155.86666666666667,1997-02-01,-0.36,0.6,-0.37,238.3397037037037,73.91614626861401,-82.47303703703705,-1.115764838947731,-0.34,0.53
1997,3,458.18,443.3,466.55,456.01,1997-03-01,-0.2,0.2,-0.1,259.2288888888889,62.7332333308384,196.7811111111111,3.1367921062404007,-0.47,0.6
1997,4,264.9,199.2,230.7,231.6,1997-04-01,0.27,-0.8,0.28,181.58444444444444,81.78274422227008,50.01555555555555,0.6115661198604769,-0.5,0.85
1997,5,30.38,22.94,32.86,28.726666666666663,1997-05-01,0.76,-1.1,0.75,72.45962962962963,50.29320337448976,-43.73296296296297,-0.8695601001455726,-0.54,1.69
1997,6,6.6,0.8999999999999999,5.7,4.4,1997-06-01,1.22,-1.2,1.22,15.704444444444446,17.432466517647146,-11.304444444444446,-0.648470738951415,-0.67,2.31
1997,7,0.0,0.0,0.0,0.0,1997-07-01,1.67,-1.2,1.6,7.208074074074075,9.938383236624793,-7.208074074074075,-0.7252763253796634,-0.27,1.46
1997,8,1.55,2.48,0.31,1.4466666666666663,1997-08-01,1.91,-1.2,1.9,10.976296296296296,12.550561040665304,-9.529629629629628,-0.7592990941801326,-0.09,2.12
1997,9,18.9,59.4,9.0,29.1,1997-09-01,2.12,-1.4,2.14,44.57333333333333,29.935638535789657,-15.473333333333333,-0.5168866972666755,0.21,1.79
1997,10,101.37,104.78,99.82,101.99,1997-10-01,2.4,-1.4,2.33,116.9342962962963,40.38136385486379,-14.944296296296288,-0.3700790381921758,0.69,1.59
1997,11,75.6,70.8,81.9,76.10000000000001,1997-11-01,2.48,-1.2,2.4,162.5,54.90716131468066,-86.39999999999999,-1.5735652314063269,0.79,1.22
1997,12,212.35,232.5,184.76,209.87,1997-12-01,2.32,-1.6,2.39,206.34748148148148,71.76756087549553,3.522518518518524,0.0490823218115144,1.03,0.85
1998,1,295.43,346.27,301.32,314.34,1998-01-01,2.37,-1.9,2.24,234.6493333333333,81.93648186802442,79.69066666666666,0.972590778244847,0.72,0.95
1998,2,151.48000000000002,246.12,100.52,166.04,1998-02-01,2.03,-2.4,1.93,238.3397037037037,73.91614626861401,-72.29970370370373,-0.9781314009656824,0.74,1.45
1998,3,180.11,241.8,169.57,197.16,1998-03-01,1.38,-1.9,1.44,259.2288888888889,62.7332333308384,-62.06888888888892,-0.9894100079547008,0.69,1.41
1998,4,75.89999999999999,81.3,69.3,75.5,1998-04-01,0.9,-1.2,0.99,181.58444444444444,81.78274422227008,-106.08444444444444,-1.2971494837117097,0.54,0.42
1998,5,63.86,61.69,53.94,59.830000000000005,1998-05-01,0.7,-0.0,0.45,72.45962962962963,50.29320337448976,-12.629629629629626,-0.2511200079181227,0.54,-0.23
1998,6,17.4,4.8,16.8,13.0,1998-06-01,-0.24,0.8,-0.13,15.704444444444446,17.432466517647146,-2.704444444444446,-0.1551383702189645,0.66,-0.26
1998,7,11.78,11.16,8.06,10.333333333333334,1998-07-01,-0.86,1.1,-0.78,7.208074074074075,9.938383236624793,3.125259259259259,0.3144635485319279,0.85,-0.47
1998,8,3.1,0.93,1.24,1.7566666666666666,1998-08-01,-1.25,1.1,-1.12,10.976296296296296,12.550561040665304,-9.21962962962963,-0.7345990031646344,0.59,-0.08
1998,9,48.6,27.9,35.4,37.3,1998-09-01,-1.26,1.1,-1.31,44.57333333333333,29.935638535789657,-7.273333333333326,-0.2429656987151841,0.41,-0.78
1998,10,114.7,120.28,96.72,110.56666666666668,1998-10-01,-1.41,1.0,-1.35,116.9342962962963,40.38136385486379,-6.367629629629619,-0.1576873344970655,0.21,-1.42
1998,11,171.0,281.70000000000005,181.2,211.30000000000004,1998-11-01,-1.38,1.2,-1.48,162.5,54.90716131468066,48.80000000000004,0.8887729547757965,0.32,-0.64
1998,12,147.25,167.09,125.86,146.73333333333335,1998-12-01,-1.64,1.4,-1.57,206.34748148148148,71.76756087549553,-59.61414814814813,-0.8306559038779164,0.11,-0.9
1999,1,192.82,241.8,200.26,211.6266666666667,1999-01-01,-1.69,1.4,-1.55,234.6493333333333,81.93648186802442,-23.02266666666665,-0.2809818793995744,0.13,-0.67
1999,2,155.4,205.24,171.36,177.33333333333334,1999-02-01,-1.31,1.4,-1.3,238.3397037037037,73.91614626861401,-61.00637037037038,-0.8253456578846923,0.05,-0.94
1999,3,318.06,189.41,289.85,265.7733333333333,1999-03-01,-0.9,1.2,-1.07,259.2288888888889,62.7332333308384,6.544444444444423,0.1043218099397294,0.33,-0.91
1999,4,139.5,100.2,133.5,124.4,1999-04-01,-1.0,1.0,-0.97,181.58444444444444,81.78274422227008,-57.18444444444445,-0.6992238397996026,0.45,-1.37
1999,5,170.19,119.04,189.72,159.64999999999998,1999-05-01,-1.02,0.6,-1.02,72.45962962962963,50.29320337448976,87.19037037037035,1.7336412183002037,0.53,-1.83
1999,6,8.7,9.0,7.5,8.4,1999-06-01,-1.05,0.3,-1.04,15.704444444444446,17.432466517647146,-7.304444444444446,-0.4190138232619032,0.49,-1.92
1999,7,0.0,0.0,0.0,0.0,1999-07-01,-1.05,0.4,-1.1,7.208074074074075,9.938383236624793,-7.208074074074075,-0.7252763253796634,0.64,-1.3
1999,8,0.31,0.0,1.55,0.62,1999-08-01,-1.19,0.3,-1.11,10.976296296296296,12.550561040665304,-10.356296296296296,-0.8251660035547949,0.55,-1.1
1999,9,90.6,123.0,57.6,90.4,1999-09-01,-1.09,0.4,-1.16,44.57333333333333,29.935638535789657,45.82666666666666,1.530839791904837,0.24,-1.46
1999,10,114.39,86.8,115.01,105.4,1999-10-01,-1.19,0.6,-1.26,116.9342962962963,40.38136385486379,-11.534296296296304,-0.2856341439519517,0.28,-1.93
1999,11,241.50000000000003,306.3,166.79999999999998,238.2,1999-11-01,-1.5,1.1,-1.46,162.5,54.90716131468066,75.70000000000002,1.378690833535405,0.33,-1.79
1999,12,299.15000000000003,410.44,252.34000000000003,320.6433333333334,1999-12-01,-1.7,1.0,-1.66,206.34748148148148,71.76756087549553,114.29585185185188,1.5925837587003366,0.36,-1.73
2000,1,259.16,240.56,285.82,261.84666666666664,2000-01-01,-1.77,1.3,-1.67,234.6493333333333,81.93648186802442,27.19733333333332,0.331931914981903,0.21,-1.92
2000,2,292.03000000000003,343.07,296.09000000000003,310.3966666666667,2000-02-01,-1.53,1.2,-1.41,238.3397037037037,73.91614626861401,72.05696296296298,0.9748473993909978,0.39,-1.12
2000,3,237.15,245.21,251.41,244.59,2000-03-01,-0.93,1.4,-1.07,259.2288888888889,62.7332333308384,-14.638888888888886,-0.2333514169704481,0.4,-0.61
2000,4,238.5,256.8,227.1,240.80000000000004,2000-04-01,-0.75,1.0,-0.81,181.58444444444444,81.78274422227008,59.2155555555556,0.7240592880402604,0.37,-0.33
2000,5,58.9,57.35,74.39999999999999,63.54999999999999,2000-05-01,-0.74,0.5,-0.71,72.45962962962963,50.29320337448976,-8.909629629629642,-0.1771537510404214,0.29,-0.58
2000,6,13.8,0.8999999999999999,15.0,9.9,2000-06-01,-0.64,0.0,-0.64,15.704444444444446,17.432466517647146,-5.804444444444446,-0.3329674798783362,0.2,-0.67
2000,7,38.75,10.23,48.05,32.34333333333334,2000-07-01,-0.55,0.1,-0.55,7.208074074074075,9.938383236624793,25.135259259259264,2.529109479963618,0.15,-0.79
2000,8,7.439999999999999,4.03,9.61,7.026666666666666,2000-08-01,-0.47,0.5,-0.51,10.976296296296296,12.550561040665304,-3.949629629629629,-0.3146974559011634,0.2,-1.07
2000,9,90.6,135.29999999999998,87.30000000000001,104.4,2000-09-01,-0.52,0.9,-0.55,44.57333333333333,29.935638535789657,59.82666666666666,1.9985097894317727,0.02,-0.94
2000,10,73.47,148.49,46.81,89.58999999999999,2000-10-01,-0.65,1.3,-0.63,116.9342962962963,40.38136385486379,-27.344296296296307,-0.677151380883902,0.1,-1.07
2000,11,158.1,248.1,144.29999999999998,183.5,2000-11-01,-0.71,1.2,-0.75,162.5,54.90716131468066,21.0,0.3824637715223711,0.07,-0.96
2000,12,284.27,303.48999999999995,269.08,285.6133333333333,2000-12-01,-0.88,1.2,-0.74,206.34748148148148,71.76756087549553,79.2658518518518,1.104480225952844,-0.01,-0.3
2001,1,177.32,189.41,147.86999999999998,171.5333333333333,2001-01-01,-0.63,1.2,-0.68,234.6493333333333,81.93648186802442,-63.116000000000014,-0.7703040033090673,0.16,0.2
2001,2,214.76,172.20000000000002,264.32,217.09333333333333,2001-02-01,-0.53,1.2,-0.52,238.3397037037037,73.91614626861401,-21.246370370370386,-0.2874388268722815,0.17,-0.17
2001,3,264.73999999999995,267.84000000000003,273.73,268.77000000000004,2001-03-01,-0.39,0.9,-0.44,259.2288888888889,62.7332333308384,9.54111111111115,0.152090217648975,0.29,-0.19
2001,4,211.2,165.0,214.2,196.8,2001-04-01,-0.39,0.2,-0.34,181.58444444444444,81.78274422227008,15.21555555555554,0.1860484837021674,0.38,-0.79
2001,5,141.36,139.5,83.39,121.41666666666669,2001-05-01,-0.24,0.0,-0.25,72.45962962962963,50.29320337448976,48.95703703703704,0.9734324670571596,0.47,-0.7
2001,6,14.4,4.5,20.1,13.0,2001-06-01,-0.11,-0.1,-0.12,15.704444444444446,17.432466517647146,-2.704444444444446,-0.1551383702189645,0.36,-0.92
2001,7,9.3,5.89,6.51,7.233333333333333,2001-07-01,-0.01,-0.1,-0.07,7.208074074074075,9.938383236624793,0.0252592592592586,0.0025415863584504,0.15,-1.62
2001,8,0.31,2.1700000000000004,0.31,0.9300000000000002,2001-08-01,-0.1,-0.1,-0.13,10.976296296296296,12.550561040665304,-10.046296296296296,-0.8004659125392966,0.14,-0.98
2001,9,40.2,48.9,25.8,38.3,2001-09-01,-0.28,-0.1,-0.19,44.57333333333333,29.935638535789657,-6.273333333333326,-0.2095606988918315,0.11,-1.19
2001,10,101.99,196.85,87.11,128.65,2001-10-01,-0.18,0.3,-0.29,116.9342962962963,40.38136385486379,11.71570370370371,0.2901264985950343,0.2,-1.11
2001,11,153.0,206.7,130.2,163.29999999999998,2001-11-01,-0.41,-0.0,-0.35,162.5,54.90716131468066,0.799999999999983,0.0145700484389471,0.16,-0.84
2001,12,201.81,328.29,159.03,229.71000000000004,2001-12-01,-0.46,0.1,-0.31,206.34748148148148,71.76756087549553,23.36251851851856,0.3255303403587665,0.01,-0.9
2002,1,375.41,400.21,402.38,392.6666666666667,2002-01-01,-0.05,0.2,-0.15,234.6493333333333,81.93648186802442,158.01733333333337,1.9285345151608149,0.14,-0.33
2002,2,205.8,215.88,172.76,198.14666666666665,2002-02-01,0.06,0.4,0.03,238.3397037037037,73.91614626861401,-40.19303703703707,-0.543765321462703,-0.06,-1.01
2002,3,172.67000000000002,196.23,169.88000000000002,179.59333333333336,2002-03-01,0.09,0.3,0.09,259.2288888888889,62.7332333308384,-79.63555555555553,-1.2694317083192377,0.29,-0.76
2002,4,139.2,185.4,126.3,150.29999999999998,2002-04-01,0.12,-0.4,0.2,181.58444444444444,81.78274422227008,-31.28444444444446,-0.3825311163369529,0.31,-0.76
2002,5,97.96,70.67999999999999,81.53,83.39,2002-05-01,0.4,-0.4,0.44,72.45962962962963,50.29320337448976,10.930370370370367,0.2173329523073208,0.49,-1.06
2002,6,13.5,3.9,10.2,9.2,2002-06-01,0.79,-0.5,0.65,15.704444444444446,17.432466517647146,-6.504444444444445,-0.3731224401240007,0.33,-0.91
2002,7,8.06,8.99,5.58,7.543333333333334,2002-07-01,0.77,-0.6,0.79,7.208074074074075,9.938383236624793,0.3352592592592591,0.0337337825757982,0.47,-0.2
2002,8,0.62,0.0,0.0,0.2066666666666666,2002-08-01,0.81,-0.7,0.86,10.976296296296296,12.550561040665304,-10.769629629629629,-0.8580994582421259,0.01,0.27
2002,9,71.39999999999999,66.0,61.49999999999999,66.3,2002-09-01,1.01,-0.7,1.01,44.57333333333333,29.935638535789657,21.726666666666667,0.7257792961620403,-0.08,0.11
2002,10,86.49,98.89,68.2,84.52666666666666,2002-10-01,1.2,-0.5,1.21,116.9342962962963,40.38136385486379,-32.40762962962964,-0.80253925414969,0.14,0.18
2002,11,130.5,125.1,102.9,119.5,2002-11-01,1.41,-0.7,1.31,162.5,54.90716131468066,-43.0,-0.7831401035934267,-0.07,1.04
2002,12,245.83,322.09000000000003,193.75,253.89,2002-12-01,1.31,-0.6,1.14,206.34748148148148,71.76756087549553,47.54251851851853,0.6624513629632292,0.35,1.32
2003,1,194.68,262.57,186.0,214.41666666666663,2003-01-01,0.7,-0.7,0.92,234.6493333333333,81.93648186802442,-20.23266666666666,-0.2469311130450479,0.56,1.29
2003,2,269.36,211.12,284.2,254.8933333333333,2003-02-01,0.74,-0.4,0.63,238.3397037037037,73.91614626861401,16.553629629629597,0.223951470216982,0.57,1.05
2003,3,255.44,277.14,258.85,263.81,2003-03-01,0.45,-0.4,0.38,259.2288888888889,62.7332333308384,4.581111111111113,0.0730252669578108,0.63,1.06
2003,4,158.4,150.0,186.0,164.79999999999998,2003-04-01,-0.05,-0.2,-0.04,181.58444444444444,81.78274422227008,-16.78444444444446,-0.2052321012709906,0.42,0.55
2003,5,107.88,84.63,87.11,93.20666666666666,2003-05-01,-0.52,-0.3,-0.26,72.45962962962963,50.29320337448976,20.747037037037032,0.4125216857345889,0.37,0.14
2003,6,13.5,18.6,5.4,12.5,2003-06-01,-0.21,-0.2,-0.16,15.704444444444446,17.432466517647146,-3.204444444444446,-0.1838204846801535,0.1,-0.02
2003,7,0.0,0.0,0.31,0.1033333333333333,2003-07-01,0.24,-0.1,0.08,7.208074074074075,9.938383236624793,-7.104740740740741,-0.7148789266405474,0.4,0.62
2003,8,48.98,56.73,53.63,53.113333333333344,2003-08-01,0.2,0.1,0.21,10.976296296296296,12.550561040665304,42.13703703703705,3.3573827417362505,0.49,0.79
2003,9,27.9,58.5,21.3,35.9,2003-09-01,0.19,0.0,0.26,44.57333333333333,29.935638535789657,-8.673333333333332,-0.2897326984678779,0.49,-0.06
2003,10,99.51,139.5,71.92,103.64333333333332,2003-10-01,0.38,-0.1,0.29,116.9342962962963,40.38136385486379,-13.290962962962965,-0.3291360591666127,0.53,0.59
2003,11,162.6,217.2,123.9,167.9,2003-11-01,0.29,0.3,0.35,162.5,54.90716131468066,5.400000000000006,0.0983478269628955,0.55,-0.21
2003,12,185.69,208.01,184.76,192.82,2003-12-01,0.38,-0.2,0.35,206.34748148148148,71.76756087549553,-13.52748148148146,-0.1884901941275297,0.56,-0.48
2004,1,342.86,421.6,371.07,378.51,2004-01-01,0.38,0.3,0.37,234.6493333333333,81.93648186802442,143.86066666666667,1.7557584043989576,0.41,-0.31
2004,2,437.32,408.61,412.09,419.34,2004-02-01,0.34,0.1,0.31,238.3397037037037,73.91614626861401,181.00029629629623,2.4487247432859185,0.22,-0.1
2004,3,287.37,245.83,301.94,278.37999999999994,2004-03-01,0.21,0.2,0.24,259.2288888888889,62.7332333308384,19.15111111111105,0.3052785596131029,-0.01,0.13
2004,4,169.8,203.1,141.3,171.4,2004-04-01,0.16,0.2,0.17,181.58444444444444,81.78274422227008,-10.184444444444438,-0.1245304806202765,-0.26,0.14
2004,5,32.86,22.63,49.91,35.13333333333333,2004-05-01,0.14,-0.2,0.17,72.45962962962963,50.29320337448976,-37.3262962962963,-0.7421737688561976,-0.12,0.45
2004,6,13.2,9.3,6.9,9.8,2004-06-01,0.2,-0.1,0.28,15.704444444444446,17.432466517647146,-5.9044444444444455,-0.338703902770574,-0.08,-0.35
2004,7,7.13,13.64,7.13,9.3,2004-07-01,0.51,-0.5,0.47,7.208074074074075,9.938383236624793,2.091925925925924,0.2104895611407686,0.08,0.05
2004,8,53.94,40.3,34.720000000000006,42.98666666666667,2004-08-01,0.7,-0.4,0.64,10.976296296296296,12.550561040665304,32.010370370370374,2.550513101896639,0.22,0.46
2004,9,20.1,25.8,25.8,23.9,2004-09-01,0.72,-0.2,0.7,44.57333333333333,29.935638535789657,-20.67333333333333,-0.6905926963481087,0.33,0.15
2004,10,98.89,177.32,97.34,124.51666666666668,2004-10-01,0.68,-0.4,0.67,116.9342962962963,40.38136385486379,7.58237037037037,0.1877690510311256,0.14,-0.59
2004,11,146.7,214.5,112.5,157.9,2004-11-01,0.61,-0.5,0.66,162.5,54.90716131468066,-4.599999999999994,-0.0837777785239478,0.24,-1.1
2004,12,153.45000000000002,167.09,177.94,166.16,2004-12-01,0.69,-0.4,0.69,206.34748148148148,71.76756087549553,-40.18748148148149,-0.5599672190503995,0.43,-0.79
2005,1,171.11999999999998,252.03000000000003,145.39,189.5133333333333,2005-01-01,0.76,-1.2,0.64,234.6493333333333,81.93648186802442,-45.136,-0.5508657312465627,0.61,-0.24
2005,2,164.08,188.72,155.67999999999998,169.49333333333334,2005-02-01,0.46,-0.8,0.58,238.3397037037037,73.91614626861401,-68.84637037037038,-0.9314117935772804,0.49,0.08
2005,3,342.55,402.38,321.47,355.4666666666667,2005-03-01,0.53,-1.1,0.45,259.2288888888889,62.7332333308384,96.2377777777778,1.5340796682716056,0.61,0.73
2005,4,85.19999999999999,116.4,77.69999999999999,93.09999999999998,2005-04-01,0.35,-0.4,0.42,181.58444444444444,81.78274422227008,-88.48444444444446,-1.081945161976473,0.29,0.38
2005,5,59.21,162.75,35.029999999999994,85.66333333333334,2005-05-01,0.39,-0.3,0.29,72.45962962962963,50.29320337448976,13.20370370370371,0.262534553732583,-0.06,1.11
2005,6,2.1,7.5,0.8999999999999999,3.5,2005-06-01,0.12,-0.1,0.11,15.704444444444446,17.432466517647146,-12.204444444444446,-0.7000985449815552,-0.26,0.49
2005,7,0.31,0.0,1.55,0.62,2005-07-01,-0.19,0.1,-0.06,7.208074074074075,9.938383236624793,-6.588074074074075,-0.6628919329449678,-0.32,0.06
2005,8,0.31,0.0,0.0,0.1033333333333333,2005-08-01,-0.1,0.1,-0.13,10.976296296296296,12.550561040665304,-10.872962962962962,-0.8663328219139587,0.01,-0.15
2005,9,42.3,39.6,34.8,38.9,2005-09-01,-0.11,0.4,-0.1,44.57333333333333,29.935638535789657,-5.673333333333332,-0.1895176989978202,-0.09,-0.81
2005,10,39.06,75.33,22.32,45.57,2005-10-01,-0.1,0.5,-0.28,116.9342962962963,40.38136385486379,-71.36429629629629,-1.7672581974395278,-0.0,-1.73
2005,11,121.79999999999998,152.7,117.6,130.7,2005-11-01,-0.64,0.3,-0.57,162.5,54.90716131468066,-31.80000000000001,-0.5791594254481622,-0.07,-1.74
2005,12,289.23,253.58,290.78000000000003,277.8633333333333,2005-12-01,-0.97,0.5,-0.84,206.34748148148148,71.76756087549553,71.5158518518518,0.996492718707824,-0.02,-0.31
2006,1,180.73,208.01,162.75,183.83,2006-01-01,-0.91,0.6,-0.85,234.6493333333333,81.93648186802442,-50.8193333333333,-0.6202284034502276,0.04,0.4
2006,2,247.52,213.64,251.16000000000005,237.44,2006-02-01,-0.67,1.2,-0.76,238.3397037037037,73.91614626861401,-0.8997037037037501,-0.0121719509081844,0.23,0.39
2006,3,260.71,296.67,256.98999999999995,271.45666666666665,2006-03-01,-0.71,1.0,-0.57,259.2288888888889,62.7332333308384,12.22777777777776,0.1949170659400211,0.41,-0.31
2006,4,394.5,361.8,390.6,382.3,2006-04-01,-0.32,0.8,-0.37,181.58444444444444,81.78274422227008,200.7155555555555,2.4542531247184427,0.31,-0.34
2006,5,117.18,116.87,107.26,113.77,2006-05-01,-0.09,0.1,-0.14,72.45962962962963,50.29320337448976,41.31037037037037,0.8213907168085506,0.24,-0.16
2006,6,1.7999999999999998,3.6,1.2,2.2,2006-06-01,0.0,-0.4,-0.03,15.704444444444446,17.432466517647146,-13.504444444444449,-0.7746720425806466,0.41,0.22
2006,7,3.41,3.72,2.1700000000000004,3.1,2006-07-01,0.01,-0.6,0.11,7.208074074074075,9.938383236624793,-4.108074074074075,-0.413354363206186,0.3,0.35
2006,8,10.23,10.23,16.12,12.193333333333332,2006-08-01,0.31,-0.7,0.31,10.976296296296296,12.550561040665304,1.2170370370370378,0.0969707276904748,0.33,-0.55
2006,9,52.2,52.8,76.2,60.4,2006-09-01,0.6,-1.0,0.54,44.57333333333333,29.935638535789657,15.826666666666668,0.5286897972042601,0.27,-1.0
2006,10,161.51,218.86,161.20000000000002,180.5233333333333,2006-10-01,0.7,-0.6,0.76,116.9342962962963,40.38136385486379,63.589037037037045,1.5747124655220868,0.23,-0.3
2006,11,142.79999999999998,195.9,118.2,152.29999999999998,2006-11-01,0.99,-0.5,0.94,162.5,54.90716131468066,-10.200000000000015,-0.1857681175965806,0.08,-0.57
2006,12,131.75,151.9,143.22,142.29,2006-12-01,1.14,-0.3,0.94,206.34748148148148,71.76756087549553,-64.05748148148149,-0.8925687413650616,0.32,-0.45
2007,1,137.95000000000002,93.0,135.16,122.03666666666668,2007-01-01,0.7,-0.4,0.66,234.6493333333333,81.93648186802442,-112.61266666666664,-1.37438982122826,0.24,-0.64
2007,2,364.0,352.8,327.88,348.2266666666667,2007-02-01,0.13,-0.2,0.22,238.3397037037037,73.91614626861401,109.88696296296295,1.4866435617954117,0.21,-0.45
2007,3,144.15,154.38000000000002,146.01,148.17999999999998,2007-03-01,-0.18,0.0,-0.12,259.2288888888889,62.7332333308384,-111.04888888888892,-1.7701763960299413,0.04,-0.75
2007,4,159.60000000000002,233.4,148.20000000000002,180.4,2007-04-01,-0.31,0.0,-0.32,181.58444444444444,81.78274422227008,-1.1844444444444375,-0.0144828160965758,0.24,-0.28
2007,5,73.16,47.74,80.91,67.27,2007-05-01,-0.47,0.1,-0.38,72.45962962962963,50.29320337448976,-5.189629629629636,-0.1031874941627196,0.28,-0.21
2007,6,5.1000000000000005,11.4,2.7,6.400000000000001,2007-06-01,-0.36,0.0,-0.47,15.704444444444446,17.432466517647146,-9.304444444444446,-0.5337422811066591,0.43,-0.07
2007,7,1.86,0.0,3.72,1.86,2007-07-01,-0.59,0.2,-0.56,7.208074074074075,9.938383236624793,-5.348074074074074,-0.5381231480755769,0.23,0.77
2007,8,12.71,1.55,11.16,8.473333333333333,2007-08-01,-0.72,0.1,-0.81,10.976296296296296,12.550561040665304,-2.502962962962963,-0.1994303644955047,0.15,0.2
2007,9,13.2,39.3,14.1,22.2,2007-09-01,-1.11,0.4,-1.07,44.57333333333333,29.935638535789657,-22.37333333333333,-0.7473811960478082,0.27,-0.6
2007,10,86.49,93.93,75.33,85.25,2007-10-01,-1.39,0.6,-1.34,116.9342962962963,40.38136385486379,-31.684296296296296,-0.7846267008260057,0.11,-1.99
2007,11,128.1,197.4,102.3,142.6,2007-11-01,-1.53,1.1,-1.5,162.5,54.90716131468066,-19.90000000000001,-0.3624299549188185,0.1,-1.55
2007,12,115.01,119.66,137.64,124.10333333333335,2007-12-01,-1.58,1.5,-1.6,206.34748148148148,71.76756087549553,-82.24414814814813,-1.1459794250333752,0.2,-1.03
2008,1,264.43,374.79,229.09,289.43666666666667,2008-01-01,-1.68,2.0,-1.64,234.6493333333333,81.93648186802442,54.78733333333335,0.6686561600433326,0.19,-1.52
2008,2,179.51000000000002,209.38,146.16,178.35,2008-02-01,-1.66,1.9,-1.52,238.3397037037037,73.91614626861401,-59.989703703703725,-0.8115913333157132,0.36,-1.36
2008,3,359.6,338.21,342.23999999999995,346.68333333333334,2008-03-01,-1.21,1.6,-1.29,259.2288888888889,62.7332333308384,87.45444444444445,1.3940688180893364,0.6,-1.13
2008,4,272.7,261.0,283.5,272.40000000000003,2008-04-01,-0.99,0.7,-1.01,181.58444444444444,81.78274422227008,90.8155555555556,1.110448865701254,0.64,-1.66
2008,5,146.94,219.79,157.17000000000002,174.63333333333333,2008-05-01,-0.84,0.4,-0.84,72.45962962962963,50.29320337448976,102.1737037037037,2.0315608640576133,0.82,-1.51
2008,6,0.3,0.0,0.6,0.3,2008-06-01,-0.68,0.3,-0.61,15.704444444444446,17.432466517647146,-15.404444444444444,-0.8836640775331647,0.7,-1.68
2008,7,4.340000000000001,0.31,4.340000000000001,2.9966666666666675,2008-07-01,-0.3,0.6,-0.37,7.208074074074075,9.938383236624793,-4.211407407407407,-0.4237517619453018,0.66,-1.42
2008,8,4.340000000000001,1.55,6.82,4.236666666666667,2008-08-01,-0.13,0.8,-0.23,10.976296296296296,12.550561040665304,-6.739629629629628,-0.536998275040648,0.51,-1.31
2008,9,39.0,55.2,28.8,41.0,2008-09-01,-0.25,1.2,-0.24,44.57333333333333,29.935638535789657,-3.5733333333333306,-0.1193671993687797,0.28,-1.34
2008,10,83.39,66.96000000000001,92.69,81.01333333333334,2008-10-01,-0.35,1.3,-0.35,116.9342962962963,40.38136385486379,-35.92096296296296,-0.889543084579012,0.27,-1.63
2008,11,186.6,211.2,173.7,190.5,2008-11-01,-0.46,1.3,-0.56,162.5,54.90716131468066,28.0,0.5099516953631615,0.31,-1.45
2008,12,182.9,251.1,209.56,214.52,2008-12-01,-0.86,1.3,-0.74,206.34748148148148,71.76756087549553,8.17251851851853,0.1138748261585266,0.42,-1.32
2009,1,167.71,124.31,193.75,161.92333333333335,2009-01-01,-0.89,1.5,-0.85,234.6493333333333,81.93648186802442,-72.72599999999997,-0.8875899763079915,0.45,-1.74
2009,2,250.88,289.8,220.92,253.86666666666667,2009-02-01,-0.79,1.1,-0.79,238.3397037037037,73.91614626861401,15.526962962962957,0.2100618572096196,0.35,-1.63
2009,3,277.14,255.44,255.75,262.77666666666664,2009-03-01,-0.7,1.0,-0.61,259.2288888888889,62.7332333308384,3.5477777777777533,0.0565534022304846,0.54,-1.86
2009,4,388.5,379.5,376.2,381.4,2009-04-01,-0.35,0.4,-0.33,181.58444444444444,81.78274422227008,199.8155555555556,2.4432483582660733,0.52,-1.87
2009,5,256.68,268.77,257.61,261.02,2009-05-01,0.06,0.3,0.01,72.45962962962963,50.29320337448976,188.56037037037035,3.749221718217573,0.79,-0.96
2009,6,14.1,20.1,15.9,16.7,2009-06-01,0.31,0.1,0.28,15.704444444444446,17.432466517647146,0.9955555555555532,0.0571092767938339,0.59,-0.54
2009,7,7.13,4.340000000000001,4.96,5.476666666666667,2009-07-01,0.48,0.0,0.45,7.208074074074075,9.938383236624793,-1.7314074074074082,-0.17421419220652,0.39,-0.46
2009,8,17.669999999999998,15.19,20.77,17.876666666666665,2009-08-01,0.56,0.1,0.57,10.976296296296296,12.550561040665304,6.90037037037037,0.5498057296412768,0.24,-0.08
2009,9,16.5,41.7,6.6,21.6,2009-09-01,0.68,-0.4,0.71,44.57333333333333,29.935638535789657,-22.973333333333333,-0.7674241959418198,0.19,0.52
2009,10,157.17000000000002,102.92,129.27,129.7866666666667,2009-10-01,0.89,-0.5,1.01,116.9342962962963,40.38136385486379,12.852370370370394,0.3182747966751096,0.45,0.12
2009,11,49.2,109.5,31.200000000000003,63.3,2009-11-01,1.45,-0.8,1.36,162.5,54.90716131468066,-99.2,-1.8066860064294863,0.3,-0.74
2009,12,272.18,212.35,221.03,235.1866666666667,2009-12-01,1.73,-0.8,1.56,206.34748148148148,71.76756087549553,28.83918518518521,0.4018415121452473,0.7,-0.56
2010,1,212.97,163.99,203.67,193.5433333333333,2010-01-01,1.51,-1.1,1.5,234.6493333333333,81.93648186802442,-41.106,-0.501681290956691,0.79,0.1
2010,2,197.12,220.92,171.64,196.56,2010-02-01,1.25,-1.1,1.22,238.3397037037037,73.91614626861401,-41.77970370370375,-0.5652310870195364,0.68,0.27
2010,3,188.79,211.73,178.86999999999998,193.13,2010-03-01,0.9,-0.3,0.84,259.2288888888889,62.7332333308384,-66.0988888888889,-1.0536502803912708,0.89,-0.05
2010,4,109.8,208.2,158.1,158.70000000000002,2010-04-01,0.38,0.5,0.35,181.58444444444444,81.78274422227008,-22.884444444444423,-0.2798199627814985,0.68,0.03
2010,5,62.31,78.42999999999999,81.53,74.08999999999999,2010-05-01,-0.22,0.8,-0.18,72.45962962962963,50.29320337448976,1.6303703703703576,0.0324173101130665,0.62,-0.06
2010,6,17.099999999999998,12.6,23.4,17.7,2010-06-01,-0.69,1.0,-0.66,15.704444444444446,17.432466517647146,1.995555555555553,0.1144735057162119,0.85,-0.77
2010,7,4.03,2.1700000000000004,11.78,5.993333333333333,2010-07-01,-1.07,1.3,-1.05,7.208074074074075,9.938383236624793,-1.2147407407407416,-0.1222271985109404,0.6,-1.55
2010,8,0.93,0.31,1.24,0.8266666666666667,2010-08-01,-1.38,1.9,-1.35,10.976296296296296,12.550561040665304,-10.14962962962963,-0.8086992762111294,0.48,-1.67
2010,9,15.6,22.8,10.5,16.3,2010-09-01,-1.59,1.9,-1.55,44.57333333333333,29.935638535789657,-28.27333333333333,-0.9444706950055884,0.23,-1.81
2010,10,96.1,141.04999999999998,94.24,110.46333333333332,2010-10-01,-1.69,1.7,-1.64,116.9342962962963,40.38136385486379,-6.470962962962972,-0.1602462706861637,0.43,-1.31
2010,11,105.6,220.8,96.6,141.0,2010-11-01,-1.64,2.0,-1.64,162.5,54.90716131468066,-21.5,-0.3915700517967133,0.4,-1.27
2010,12,252.34000000000003,198.4,230.02,226.92,2010-12-01,-1.6,2.2,-1.54,206.34748148148148,71.76756087549553,20.572518518518507,0.2866548377505585,0.41,-1.85
2011,1,239.63,201.5,271.87,237.66666666666663,2011-01-01,-1.37,2.6,-1.31,234.6493333333333,81.93648186802442,3.0173333333333403,0.0368252732426732,0.45,-1.58
2011,2,375.2,330.96000000000004,391.44,365.8666666666666,2011-02-01,-0.95,2.5,-1.04,238.3397037037037,73.91614626861401,127.5269629629629,1.725292367103734,0.59,-1.17
2011,3,267.84000000000003,290.47,260.40000000000003,272.90333333333336,2011-03-01,-0.81,2.4,-0.8,259.2288888888889,62.7332333308384,13.674444444444475,0.2179776765582779,0.72,-1.07
2011,4,235.2,225.0,225.9,228.7,2011-04-01,-0.64,1.6,-0.62,181.58444444444444,81.78274422227008,47.11555555555557,0.5761063168472847,0.49,-0.97
2011,5,80.28999999999999,85.55999999999999,79.67,81.83999999999999,2011-05-01,-0.41,0.8,-0.46,72.45962962962963,50.29320337448976,9.380370370370358,0.1865136786082782,0.3,-1.06
2011,6,1.2,0.0,1.7999999999999998,1.0,2011-06-01,-0.32,0.5,-0.37,15.704444444444446,17.432466517647146,-14.704444444444446,-0.8435091172875001,0.2,-1.61
2011,7,9.61,2.1700000000000004,13.64,8.473333333333334,2011-07-01,-0.38,0.5,-0.43,7.208074074074075,9.938383236624793,1.2652592592592595,0.1273103712278415,0.27,-2.34
2011,8,4.340000000000001,10.54,3.41,6.096666666666668,2011-08-01,-0.6,0.8,-0.58,10.976296296296296,12.550561040665304,-4.879629629629628,-0.3887977289476582,0.2,-2.17
2011,9,20.4,24.9,7.800000000000001,17.7,2011-09-01,-0.76,0.7,-0.79,44.57333333333333,29.935638535789657,-26.87333333333333,-0.8977036952528947,0.24,-1.94
2011,10,143.22,168.02,122.45,144.56333333333336,2011-10-01,-1.0,1.0,-0.96,116.9342962962963,40.38136385486379,27.629037037037065,0.6842026717160828,0.28,-1.62
2011,11,305.1,290.7,261.0,285.6,2011-11-01,-1.12,1.5,-1.02,162.5,54.90716131468066,123.09999999999997,2.2419662035430417,-0.05,-2.68
2011,12,108.81,186.0,90.21,128.34,2011-12-01,-0.95,1.6,-0.92,206.34748148148148,71.76756087549553,-78.00748148148148,-1.0869462544060975,-0.48,-2.37
2012,1,289.54,306.28000000000003,267.53000000000003,287.78333333333336,2012-01-01,-0.7,1.4,-0.72,234.6493333333333,81.93648186802442,53.13400000000004,0.6484779281295394,-0.32,-1.81
2012,2,261.58,223.3,238.96,241.28,2012-02-01,-0.52,0.8,-0.57,238.3397037037037,73.91614626861401,2.9402962962962533,0.0397788094310424,-0.51,-1.26
2012,3,212.35,190.34,212.97,205.22,2012-03-01,-0.5,0.3,-0.46,259.2288888888889,62.7332333308384,-54.00888888888889,-0.8609294630815594,-0.08,-1.43
2012,4,98.4,85.8,110.7,98.3,2012-04-01,-0.37,0.1,-0.36,181.58444444444444,81.78274422227008,-83.28444444444445,-1.0183620669183346,-0.33,-0.68
2012,5,57.66,115.01,44.95,72.54,2012-05-01,-0.21,-0.2,-0.17,72.45962962962963,50.29320337448976,0.0803703703703746,0.0015980364140245,-0.04,-1.54
2012,6,25.5,21.0,27.9,24.8,2012-06-01,0.08,-0.1,0.06,15.704444444444446,17.432466517647146,9.095555555555556,0.5217595310650955,0.04,-1.4
2012,7,15.19,4.03,18.29,12.503333333333332,2012-07-01,0.3,-0.2,0.3,7.208074074074075,9.938383236624793,5.295259259259257,0.5328089220533618,-0.03,-1.94
2012,8,3.41,0.93,0.93,1.7566666666666666,2012-08-01,0.51,0.0,0.41,10.976296296296296,12.550561040665304,-9.21962962962963,-0.7345990031646344,-0.08,-1.94
2012,9,23.4,9.3,30.3,21.0,2012-09-01,0.42,0.1,0.41,44.57333333333333,29.935638535789657,-23.57333333333333,-0.7874671958358312,0.02,-2.24
2012,10,131.13000000000002,101.68,153.45000000000002,128.75333333333336,2012-10-01,0.31,0.3,0.31,116.9342962962963,40.38136385486379,11.819037037037065,0.2926854347841325,0.03,-0.82
2012,11,273.90000000000003,230.4,237.6,247.3,2012-11-01,0.21,0.0,0.12,162.5,54.90716131468066,84.79999999999998,1.544425134528432,0.03,-0.67
2012,12,198.09,188.48,167.09,184.5533333333333,2012-12-01,-0.15,-0.1,-0.1,206.34748148148148,71.76756087549553,-21.794148148148167,-0.3036768685222185,0.18,-1.17
2013,1,326.73999999999995,264.73999999999995,309.38,300.28666666666663,2013-01-01,-0.36,-0.3,-0.29,234.6493333333333,81.93648186802442,65.63733333333332,0.8010758069776021,0.39,-1.0
2013,2,139.44,159.6,116.76,138.6,2013-02-01,-0.36,0.4,-0.29,238.3397037037037,73.91614626861401,-99.73970370370373,-1.349362875889741,0.25,-1.21
2013,3,248.93,287.06,193.44,243.14333333333332,2013-03-01,-0.15,0.5,-0.21,259.2288888888889,62.7332333308384,-16.085555555555544,-0.256412027588704,0.26,-1.11
2013,4,146.1,164.70000000000002,105.6,138.79999999999998,2013-04-01,-0.13,0.8,-0.19,181.58444444444444,81.78274422227008,-42.78444444444446,-0.5231475765616815,0.35,-0.6
2013,5,107.88,106.64,76.26,96.92666666666666,2013-05-01,-0.29,0.7,-0.26,72.45962962962963,50.29320337448976,24.46703703703703,0.4864879426122905,0.48,-0.33
2013,6,72.0,61.8,66.60000000000001,66.80000000000001,2013-06-01,-0.37,0.9,-0.33,15.704444444444446,17.432466517647146,51.09555555555556,2.931057145804971,0.28,-1.12
2013,7,6.82,4.96,5.58,5.786666666666666,2013-07-01,-0.34,0.7,-0.35,7.208074074074075,9.938383236624793,-1.4214074074074086,-0.1430219959891723,0.23,-1.26
2013,8,6.82,3.1,3.1,4.34,2013-08-01,-0.34,0.4,-0.28,10.976296296296296,12.550561040665304,-6.636296296296296,-0.5287649113688153,0.25,-1.23
2013,9,30.0,59.1,33.6,40.9,2013-09-01,-0.15,0.1,-0.21,44.57333333333333,29.935638535789657,-3.673333333333332,-0.122707699351115,0.03,-0.73
2013,10,112.84,170.19,93.62,125.55,2013-10-01,-0.15,0.3,-0.13,116.9342962962963,40.38136385486379,8.615703703703701,0.2133584129221027,0.04,-1.29
2013,11,139.5,165.9,96.9,134.1,2013-11-01,-0.09,0.2,-0.1,162.5,54.90716131468066,-28.40000000000001,-0.5172367195826354,-0.07,-0.87
2013,12,240.25,229.09,187.24,218.86,2013-12-01,-0.06,0.7,-0.16,206.34748148148148,71.76756087549553,12.512518518518531,0.1743478302157379,0.11,-1.17
2014,1,190.03,150.97,171.11999999999998,170.70666666666668,2014-01-01,-0.32,0.5,-0.28,234.6493333333333,81.93648186802442,-63.94266666666664,-0.7803931192659636,0.11,-0.57
2014,2,281.12,276.64000000000004,232.68,263.48,2014-02-01,-0.46,0.2,-0.32,238.3397037037037,73.91614626861401,25.1402962962963,0.3401191426421979,0.22,-0.31
2014,3,264.43,277.45,210.18,250.68666666666664,2014-03-01,-0.17,0.0,-0.14,259.2288888888889,62.7332333308384,-8.54222222222225,-0.1361674150792266,0.22,0.43
2014,4,178.20000000000002,166.5,175.8,173.5,2014-04-01,0.21,0.1,0.16,181.58444444444444,81.78274422227008,-8.084444444444443,-0.0988526922314131,0.23,0.54
2014,5,53.63,39.68,36.58,43.296666666666674,2014-05-01,0.43,0.5,0.31,72.45962962962963,50.29320337448976,-29.16296296296296,-0.5798589273745743,0.48,1.27
2014,6,2.7,1.2,2.1,2.0,2014-06-01,0.29,0.2,0.24,15.704444444444446,17.432466517647146,-13.704444444444446,-0.7861448883651222,0.47,-0.36
2014,7,6.51,2.48,2.1700000000000004,3.72,2014-07-01,-0.01,-0.2,0.1,7.208074074074075,9.938383236624793,-3.4880740740740745,-0.3509699707714905,0.17,0.32
2014,8,1.24,4.65,1.55,2.48,2014-08-01,0.02,-0.5,0.11,10.976296296296296,12.550561040665304,-8.496296296296295,-0.676965457461805,0.24,0.31
2014,9,20.4,59.1,9.3,29.600000000000005,2014-09-01,0.33,-0.7,0.28,44.57333333333333,29.935638535789657,-14.973333333333326,-0.500184197354999,0.26,0.44
2014,10,120.9,163.68,70.37,118.31666666666666,2014-10-01,0.49,-0.7,0.54,116.9342962962963,40.38136385486379,1.3823703703703671,0.0342328796852626,0.16,0.99
2014,11,165.6,197.4,94.8,152.6,2014-11-01,0.81,-0.7,0.71,162.5,54.90716131468066,-9.900000000000006,-0.1803043494319751,-0.32,1.01
2014,12,209.25,283.96,162.44,218.55,2014-12-01,0.82,-0.8,0.77,206.34748148148148,71.76756087549553,12.202518518518502,0.1700283299259367,-0.12,1.51
2015,1,212.66,210.18,150.66,191.16666666666663,2015-01-01,0.68,-0.4,0.69,234.6493333333333,81.93648186802442,-43.48266666666666,-0.5306874993327692,0.43,1.32
2015,2,174.44,151.20000000000002,112.28,145.97333333333336,2015-02-01,0.57,-0.4,0.61,238.3397037037037,73.91614626861401,-92.36637037037036,-1.2496102006550442,0.42,1.44
2015,3,157.17000000000002,162.44,132.06,150.55666666666667,2015-03-01,0.57,-0.2,0.65,259.2288888888889,62.7332333308384,-108.67222222222222,-1.7322911071570917,0.23,1.33
2015,4,124.2,118.2,118.2,120.2,2015-04-01,0.82,-0.5,0.81,181.58444444444444,81.78274422227008,-61.384444444444455,-0.7505794165773296,0.36,0.86
2015,5,99.2,93.93,50.53,81.21999999999998,2015-05-01,1.03,-0.4,1.03,72.45962962962963,50.29320337448976,8.760370370370353,0.1741859691286612,0.46,0.38
2015,6,0.8999999999999999,0.8999999999999999,0.8999999999999999,0.8999999999999999,2015-06-01,1.23,-0.8,1.25,15.704444444444446,17.432466517647146,-14.804444444444446,-0.849245540179738,0.38,0.66
2015,7,13.33,17.05,8.99,13.123333333333337,2015-07-01,1.5,-1.0,1.57,7.208074074074075,9.938383236624793,5.91525925925926,0.5951933144880576,0.07,1.42
2015,8,2.48,6.2,1.24,3.306666666666666,2015-08-01,1.97,-1.4,1.9,10.976296296296296,12.550561040665304,-7.669629629629629,-0.6110985480871429,-0.11,0.91
2015,9,6.6,7.800000000000001,2.7,5.7,2015-09-01,2.24,-1.6,2.21,44.57333333333333,29.935638535789657,-38.87333333333333,-1.2985636931331257,-0.04,1.02
2015,10,43.4,35.65,43.71,40.92,2015-10-01,2.41,-1.3,2.47,116.9342962962963,40.38136385486379,-76.0142962962963,-1.882410325948925,0.28,0.82
2015,11,41.1,81.0,25.5,49.2,2015-11-01,2.77,-0.9,2.65,162.5,54.90716131468066,-113.3,-2.063483110165936,0.37,-0.07
2015,12,85.25,160.27,83.7,109.74,2015-12-01,2.76,-1.1,2.75,206.34748148148148,71.76756087549553,-96.60748148148149,-1.3461162717941462,0.7,-0.08
2016,1,283.65000000000003,339.45,199.33,274.1433333333334,2016-01-01,2.73,-1.6,2.63,234.6493333333333,81.93648186802442,39.49400000000006,0.4820075148407431,0.81,0.55
2016,2,136.59,83.23,118.61,112.81,2016-02-01,2.39,-1.4,2.28,238.3397037037037,73.91614626861401,-125.52970370370372,-1.6982717584805371,0.59,1.12
2016,3,225.37,266.6,166.78,219.58333333333331,2016-03-01,1.71,-1.1,1.71,259.2288888888889,62.7332333308384,-39.645555555555546,-0.6319705433717312,0.6,1.57
2016,4,94.8,67.5,84.9,82.4,2016-04-01,1.02,-0.3,1.05,181.58444444444444,81.78274422227008,-99.18444444444444,-1.2127796075768724,0.39,1.74
2016,5,46.19,29.14,44.95,40.09333333333333,2016-05-01,0.41,-0.1,0.49,72.45962962962963,50.29320337448976,-32.366296296296305,-0.6435520930192622,0.35,1.59
2016,6,54.900000000000006,42.0,29.1,42.0,2016-06-01,0.03,0.5,0.0,15.704444444444446,17.432466517647146,26.295555555555552,1.5084242685299964,0.68,0.98
2016,7,4.03,0.93,4.96,3.306666666666666,2016-07-01,-0.43,0.6,-0.31,7.208074074074075,9.938383236624793,-3.901407407407408,-0.3925595657279541,0.63,0.55
2016,8,8.06,2.48,5.2700000000000005,5.2700000000000005,2016-08-01,-0.53,0.8,-0.5,10.976296296296296,12.550561040665304,-5.706296296296295,-0.4546646383223203,0.52,-0.09
2016,9,92.7,82.5,73.2,82.8,2016-09-01,-0.53,0.5,-0.58,44.57333333333333,29.935638535789657,38.22666666666667,1.2769617932473578,0.26,-0.32
2016,10,73.47,62.62,78.74,71.61,2016-10-01,-0.69,0.3,-0.64,116.9342962962963,40.38136385486379,-45.324296296296296,-1.122406277786904,0.46,-0.34
2016,11,154.5,120.9,115.5,130.29999999999998,2016-11-01,-0.7,-0.0,-0.6,162.5,54.90716131468066,-32.20000000000002,-0.5864444496676361,0.28,0.66
2016,12,88.03999999999999,132.68,91.76,104.16,2016-12-01,-0.4,0.1,-0.45,206.34748148148148,71.76756087549553,-102.18748148148148,-1.4238672770105607,0.67,-0.02
2017,1,190.65,190.96,191.27,190.96,2017-01-01,-0.26,0.1,-0.2,234.6493333333333,81.93648186802442,-43.68933333333331,-0.5332097783219931,0.58,-0.31
2017,2,331.8,287.84,288.12,302.58666666666664,2017-02-01,0.07,0.3,-0.02,238.3397037037037,73.91614626861401,64.24696296296293,0.8691871290135592,0.09,0.02
2017,3,202.12,192.2,181.97,192.09666666666664,2017-03-01,0.13,0.2,0.18,259.2288888888889,62.7332333308384,-67.13222222222223,-1.0701221451185965,0.29,0.03
2017,4,171.3,150.9,146.1,156.1,2017-04-01,0.33,0.3,0.31,181.58444444444444,81.78274422227008,-25.48444444444445,-0.3116115103105679,0.4,0.38
2017,5,33.480000000000004,22.63,28.21,28.10666666666667,2017-05-01,0.47,-0.1,0.4,72.45962962962963,50.29320337448976,-44.35296296296296,-0.8818878096251894,0.47,0.3
2017,6,33.0,17.099999999999998,39.6,29.899999999999995,2017-06-01,0.39,0.2,0.38,15.704444444444446,17.432466517647146,14.195555555555549,0.8143170985692229,0.57,0.13
2017,7,0.93,0.0,1.55,0.8266666666666667,2017-07-01,0.29,0.3,0.19,7.208074074074075,9.938383236624793,-6.3814074074074085,-0.6420971354667361,0.35,-0.42
2017,8,8.99,1.86,5.89,5.579999999999999,2017-08-01,-0.11,0.6,-0.07,10.976296296296296,12.550561040665304,-5.396296296296296,-0.4299645473068221,0.59,-0.28
2017,9,0.3,0.6,0.3,0.3999999999999999,2017-09-01,-0.39,0.7,-0.34,44.57333333333333,29.935638535789657,-44.17333333333333,-1.4756101921968945,0.27,0.07
2017,10,112.22,72.53999999999999,68.51,84.42333333333333,2017-10-01,-0.51,0.8,-0.6,116.9342962962963,40.38136385486379,-32.510962962962964,-0.8050981903387875,0.42,-0.52
2017,11,116.1,114.6,112.8,114.5,2017-11-01,-0.9,0.6,-0.76,162.5,54.90716131468066,-48.0,-0.8742029063368484,0.2,-0.59
2017,12,177.32,167.71,173.29,172.77333333333334,2017-12-01,-0.88,0.6,-0.86,206.34748148148148,71.76756087549553,-33.57414814814814,-0.4678178795346487,0.17,-0.3
2018,1,182.59,176.39,131.13000000000002,163.37,2018-01-01,-0.81,0.2,-0.77,234.6493333333333,81.93648186802442,-71.27933333333331,-0.8699340233834223,0.62,0.04
2018,2,362.32,453.88,343.84,386.68,2018-02-01,-0.63,0.7,-0.71,238.3397037037037,73.91614626861401,148.3402962962963,2.0068727035257243,-0.01,-0.33
2018,3,292.33,338.83,178.86999999999998,270.01,2018-03-01,-0.7,0.5,-0.57,259.2288888888889,62.7332333308384,10.781111111111102,0.1718564553217652,0.17,-0.78
2018,4,106.8,158.4,54.900000000000006,106.7,2018-04-01,-0.39,0.8,-0.39,181.58444444444444,81.78274422227008,-74.88444444444444,-0.9156509133628804,0.28,-0.53
2018,5,32.550000000000004,21.7,25.73,26.66,2018-05-01,-0.09,0.3,-0.13,72.45962962962963,50.29320337448976,-45.79962962962964,-0.9106524650776292,0.28,-0.43
2018,6,2.4,15.0,4.2,7.2,2018-06-01,0.1,0.2,0.06,15.704444444444446,17.432466517647146,-8.504444444444445,-0.4878508979687567,0.46,-0.77
2018,7,0.0,0.62,0.31,0.31,2018-07-01,0.17,-0.1,0.14,7.208074074074075,9.938383236624793,-6.898074074074075,-0.6940841291623157,0.37,-0.19
2018,8,16.740000000000002,41.23,4.340000000000001,20.77,2018-08-01,0.14,-0.3,0.27,10.976296296296296,12.550561040665304,9.793703703703704,0.7803399124525943,0.41,-0.08
2018,9,41.1,24.3,30.0,31.8,2018-09-01,0.51,-0.3,0.53,44.57333333333333,29.935638535789657,-12.773333333333332,-0.4266931977436236,0.36,-0.2
2018,10,94.55,126.79,82.77,101.37,2018-10-01,0.95,-0.2,0.81,116.9342962962963,40.38136385486379,-15.564296296296291,-0.3854326553267622,0.53,-0.53
2018,11,213.0,157.20000000000002,165.0,178.4,2018-11-01,0.96,0.4,0.97,162.5,54.90716131468066,15.900000000000006,0.2895797127240811,0.39,-0.67
2018,12,173.29,229.09,191.27,197.88333333333333,2018-12-01,0.99,0.3,0.92,206.34748148148148,71.76756087549553,-8.464148148148155,-0.1179383560607836,0.66,-0.33
2019,1,204.6,180.73,166.16,183.83,2019-01-01,0.82,-0.1,0.89,234.6493333333333,81.93648186802442,-50.8193333333333,-0.6202284034502276,0.75,-0.38
2019,2,197.12,195.16,151.76,181.34666666666664,2019-02-01,0.86,-0.6,0.86,238.3397037037037,73.91614626861401,-56.993037037037055,-0.77104989794682,0.68,-0.5
2019,3,244.9,229.09,184.14,219.3766666666667,2019-03-01,0.91,-0.5,0.84,259.2288888888889,62.7332333308384,-39.852222222222224,-0.6352649163171966,1.02,-0.31
2019,4,146.7,203.1,138.0,162.6,2019-04-01,0.74,-0.2,0.77,181.58444444444444,81.78274422227008,-18.98444444444445,-0.2321326414878951,0.65,0.2
2019,5,54.87,50.220000000000006,56.42,53.836666666666666,2019-05-01,0.66,-0.3,0.64,72.45962962962963,50.29320337448976,-18.62296296296297,-0.3702878662210865,0.65,0.33
2019,6,0.8999999999999999,3.9,0.3,1.7000000000000002,2019-06-01,0.51,-0.4,0.52,15.704444444444446,17.432466517647146,-14.004444444444443,-0.8033541570418355,0.58,-0.0
2019,7,20.46,16.12,11.78,16.12,2019-07-01,0.4,-0.3,0.33,7.208074074074075,9.938383236624793,8.911925925925926,0.896717877922419,0.5,0.34
2019,8,1.86,0.31,0.62,0.93,2019-08-01,0.09,-0.6,0.19,10.976296296296296,12.550561040665304,-10.046296296296296,-0.8004659125392966,0.41,0.05
2019,9,14.4,24.6,4.8,14.6,2019-09-01,0.07,-0.6,0.23,44.57333333333333,29.935638535789657,-29.97333333333333,-1.0012591947052876,0.48,-0.07
2019,10,100.75,120.59,50.84,90.72666666666667,2019-10-01,0.53,-0.8,0.39,116.9342962962963,40.38136385486379,-26.207629629629626,-0.6490030828038268,0.47,-1.01
2019,11,115.5,111.6,72.0,99.7,2019-11-01,0.58,-0.6,0.58,162.5,54.90716131468066,-62.8,-1.1437488024573763,1.06,-0.51
2019,12,82.77,125.86,55.49,88.04,2019-12-01,0.63,-0.4,0.66,206.34748148148148,71.76756087549553,-118.30748148148147,-1.6484812920802026,1.07,-0.16
2020,1,150.04,201.5,125.24,158.92666666666665,2020-01-01,0.78,-0.2,0.64,234.6493333333333,81.93648186802442,-75.72266666666667,-0.9241630216517428,1.28,-1.07
2020,2,205.03,272.6,94.83,190.82,2020-02-01,0.52,0.0,0.63,238.3397037037037,73.91614626861401,-47.5197037037037,-0.6428866506516091,0.84,-1.18
2020,3,386.88,297.91,162.75,282.5133333333333,2020-03-01,0.58,0.0,0.53,259.2288888888889,62.7332333308384,23.284444444444432,0.3711660185224067,0.66,-1.65
2020,4,288.90000000000003,244.5,155.70000000000002,229.7,2020-04-01,0.48,0.2,0.3,181.58444444444444,81.78274422227008,48.11555555555557,0.5883338351276959,0.72,-1.38
2020,5,61.69,60.14,24.8,48.876666666666665,2020-05-01,-0.16,0.1,0.01,72.45962962962963,50.29320337448976,-23.582962962962966,-0.4689095420580221,0.88,-0.61
2020,6,8.100000000000001,6.0,4.2,6.1000000000000005,2020-06-01,-0.28,0.1,-0.23,15.704444444444446,17.432466517647146,-9.604444444444448,-0.5509515497833726,0.6,-0.99
2020,7,0.0,3.72,0.0,1.24,2020-07-01,-0.25,0.4,-0.36,7.208074074074075,9.938383236624793,-5.9680740740740745,-0.6005075405102723,0.55,-0.99
2020,8,4.65,1.86,2.48,2.996666666666666,2020-08-01,-0.54,0.8,-0.53,10.976296296296296,12.550561040665304,-7.979629629629629,-0.6357986391026412,0.5,-1.32
2020,9,15.0,11.7,6.0,10.9,2020-09-01,-0.79,0.8,-0.84,44.57333333333333,29.935638535789657,-33.67333333333333,-1.1248576940516923,0.24,-1.14
2020,10,74.39999999999999,154.38000000000002,24.18,84.32000000000001,2020-10-01,-1.2,0.7,-1.12,116.9342962962963,40.38136385486379,-32.61429629629629,-0.807657126527885,0.4,-0.75
2020,11,162.89999999999998,195.0,66.0,141.29999999999998,2020-11-01,-1.36,1.0,-1.2,162.5,54.90716131468066,-21.200000000000017,-0.3861062836321083,0.12,-1.77
2020,12,112.84,208.94,60.76,127.51333333333332,2020-12-01,-1.05,1.5,-1.08,206.34748148148148,71.76756087549553,-78.83414814814816,-1.0984649218455669,-0.11,-1.24
2021,1,163.36999999999998,209.56,57.970000000000006,143.63333333333333,2021-01-01,-0.82,1.7,-0.91,234.6493333333333,81.93648186802442,-91.016,-1.1108116668543324,0.21,-0.75
2021,2,241.08,315.0,91.28,215.78666666666663,2021-02-01,-0.85,1.3,-0.79,238.3397037037037,73.91614626861401,-22.553037037037058,-0.3051165161543797,-0.06,-1.11
2021,3,220.41,223.2,128.34,190.65,2021-03-01,-0.69,0.7,-0.71,259.2288888888889,62.7332333308384,-68.57888888888888,-1.0931827557368523,0.14,-1.6
2021,4,111.6,227.4,56.1,131.70000000000002,2021-04-01,-0.6,0.4,-0.55,181.58444444444444,81.78274422227008,-49.884444444444426,-0.6099629563526006,0.37,-1.47
2021,5,29.45,15.5,20.77,21.906666666666663,2021-05-01,-0.35,0.4,-0.39,72.45962962962963,50.29320337448976,-50.552962962962965,-1.0051649044213589,0.76,-1.73
2021,6,13.5,13.8,11.4,12.9,2021-06-01,-0.22,0.8,-0.3,15.704444444444446,17.432466517647146,-2.804444444444446,-0.1608747931112022,0.89,-1.75
2021,7,24.49,6.2,10.54,13.743333333333334,2021-07-01,-0.34,0.8,-0.35,7.208074074074075,9.938383236624793,6.535259259259259,0.657577706922753,1.11,-1.67
2021,8,9.3,5.89,3.41,6.199999999999999,2021-08-01,-0.48,0.9,-0.45,10.976296296296296,12.550561040665304,-4.776296296296296,-0.3805643652758255,0.92,-0.9
2021,9,61.2,52.5,45.3,53.0,2021-09-01,-0.52,0.7,-0.63,44.57333333333333,29.935638535789657,8.42666666666667,0.2814927985114511,0.58,-1.86
2021,10,142.91,171.74,124.93,146.52666666666667,2021-10-01,-0.89,0.8,-0.77,116.9342962962963,40.38136385486379,29.59237037037037,0.7328224593089389,0.65,-2.81
2021,11,199.5,211.8,179.4,196.9,2021-11-01,-0.89,1.1,-0.91,162.5,54.90716131468066,34.39999999999998,0.6265120828747409,0.5,-2.52
2021,12,331.7,308.45,318.06,319.40333333333336,2021-12-01,-0.96,1.0,-0.87,206.34748148148148,71.76756087549553,113.05585185185188,1.5753057575411331,0.26,-2.54
2022,1,328.91,326.43,288.92,314.75333333333333,2022-01-01,-0.77,1.0,-0.82,234.6493333333333,81.93648186802442,80.10400000000001,0.9776353362232956,0.47,-2.2
2022,2,258.72,239.12,329.28,275.70666666666665,2022-02-01,-0.74,1.1,-0.79,238.3397037037037,73.91614626861401,37.36696296296293,0.5055318066389717,0.73,-1.82
2022,3,251.1,246.14,174.84,224.02666666666667,2022-03-01,-0.87,1.5,-0.87,259.2288888888889,62.7332333308384,-35.20222222222222,-0.5611415250442305,0.57,-1.57
2022,4,115.5,135.6,117.9,123.0,2022-04-01,-0.99,1.6,-0.95,181.58444444444444,81.78274422227008,-58.58444444444444,-0.7163423653921782,0.46,-1.91
2022,5,28.21,37.2,29.14,31.516666666666666,2022-05-01,-1.0,1.6,-0.89,72.45962962962963,50.29320337448976,-40.942962962962966,-0.8140854074872963,0.36,-2.26
2022,6,38.7,62.400000000000006,31.8,44.3,2022-06-01,-0.69,1.3,-0.78,15.704444444444446,17.432466517647146,28.59555555555556,1.640361995051466,0.61,-1.48
2022,7,4.65,0.0,3.72,2.79,2022-07-01,-0.65,1.2,-0.76,7.208074074074075,9.938383236624793,-4.418074074074076,-0.4445465594235338,0.34,-2.27
2022,8,1.24,0.31,2.48,1.343333333333333,2022-08-01,-0.93,1.1,-0.87,10.976296296296296,12.550561040665304,-9.632962962962962,-0.7675324578519654,0.38,-1.83
2022,9,15.3,10.8,14.7,13.6,2022-09-01,-1.03,1.4,-0.97,44.57333333333333,29.935638535789657,-30.97333333333333,-1.0346641945286403,0.35,-1.68
2022,10,75.95,75.33,80.91,77.39666666666666,2022-10-01,-0.94,1.2,-0.94,116.9342962962963,40.38136385486379,-39.53762962962964,-0.9791058511974322,0.52,-1.49
2022,11,244.8,256.5,275.1,258.8,2022-11-01,-0.85,1.4,-0.85,162.5,54.90716131468066,96.3,1.7538695808383022,0.51,-2.21
2022,12,255.13,241.8,237.46,244.79666666666665,2022-12-01,-0.75,1.3,-0.72,206.34748148148148,71.76756087549553,38.44918518518517,0.5357460211290718,0.6,-1.99
2023,1,178.86999999999998,161.51,141.98,160.78666666666666,2023-01-01,-0.55,1.6,-0.54,234.6493333333333,81.93648186802442,-73.86266666666666,-0.9014625107487249,0.82,-1.1
2023,2,174.16,152.6,196.28,174.34666666666666,2023-02-01,-0.31,1.0,-0.29,238.3397037037037,73.91614626861401,-63.993037037037055,-0.8657518048152022,0.55,-1.48
2023,3,289.54,295.12,342.86,309.17333333333335,2023-03-01,-0.01,0.6,-0.02,259.2288888888889,62.7332333308384,49.94444444444446,0.7961401284874116,0.49,-2.0
2023,4,153.6,162.0,140.39999999999998,152.0,2023-04-01,0.25,-0.2,0.27,181.58444444444444,81.78274422227008,-29.584444444444443,-0.3617443352602537,0.5,-2.55
2023,5,147.25,75.64,85.25,102.71333333333332,2023-05-01,0.57,-0.2,0.57,72.45962962962963,50.29320337448976,30.25370370370369,0.6015465644220485,0.79,-1.92
2023,6,6.6,0.0,9.3,5.3,2023-06-01,0.89,-0.3,0.84,15.704444444444446,17.432466517647146,-10.404444444444447,-0.596842932921275,0.57,-2.27
2023,7,0.0,0.0,0.0,0.0,2023-07-01,1.07,-0.3,1.12,7.208074074074075,9.938383236624793,-7.208074074074075,-0.7252763253796634,0.54,-2.2
2023,8,19.84,33.480000000000004,13.95,22.423333333333336,2023-08-01,1.39,-0.8,1.37,10.976296296296296,12.550561040665304,11.44703703703704,0.9120737312019188,0.5,-1.98
2023,9,55.8,46.8,40.2,47.6,2023-09-01,1.64,-0.9,1.6,44.57333333333333,29.935638535789657,3.026666666666671,0.1011057994653472,0.4,-2.46
2023,10,54.87,105.09,27.59,62.51666666666667,2023-10-01,1.77,-0.9,1.83,116.9342962962963,40.38136385486379,-54.41762962962962,-1.3475926624275028,0.41,-1.97
2023,11,99.6,98.1,99.9,99.2,2023-11-01,2.08,-0.5,1.99,162.5,54.90716131468066,-63.3,-1.1528550827317188,0.91,-1.73
2023,12,74.39999999999999,160.57999999999998,61.07,98.68333333333332,2023-12-01,2.13,-0.2,2.06,206.34748148148148,71.76756087549553,-107.66414814814816,-1.5001784487970418,1.31,-1.71
2024,1,195.3,242.11,179.49,205.63333333333333,2024-01-01,1.98,-0.4,1.93,234.6493333333333,81.93648186802442,-29.01599999999999,-0.3541279700870759,1.32,-1.36
2024,2,201.84,194.59,167.04,187.82333333333332,2024-02-01,1.67,-0.2,1.62,238.3397037037037,73.91614626861401,-50.51637037037037,-0.6834280860205023,1.41,-1.18
2024,3,275.90000000000003,191.58,218.86,228.78,2024-03-01,1.22,-0.4,1.26,259.2288888888889,62.7332333308384,-30.44888888888892,-0.4853709472985326,1.67,-1.18
2024,4,185.7,327.6,152.7,222.0,2024-04-01,0.89,0.2,0.82,181.58444444444444,81.78274422227008,40.41555555555556,0.4941819443685296,1.41,-1.66
2024,5,11.78,7.439999999999999,12.4,10.54,2024-05-01,0.34,0.1,0.49,72.45962962962963,50.29320337448976,-61.91962962962963,-1.2311729115476693,1.17,-2.64
2024,6,0.6,0.0,0.8999999999999999,0.5,2024-06-01,0.23,-0.1,0.22,15.704444444444446,17.432466517647146,-15.204444444444446,-0.8721912317486892,0.85,-2.78
2024,7,2.1700000000000004,0.62,1.24,1.3433333333333335,2024-07-01,0.09,0.1,0.08,7.208074074074075,9.938383236624793,-5.864740740740741,-0.5901101417711564,0.59,-2.18
2024,8,10.54,10.85,4.65,8.68,2024-08-01,-0.07,0.0,-0.07,10.976296296296296,12.550561040665304,-2.296296296296296,-0.1829636371518392,0.39,-1.98
2024,9,8.7,11.7,3.9,8.1,2024-09-01,-0.22,0.4,-0.17,44.57333333333333,29.935638535789657,-36.47333333333333,-1.218391693557079,0.44,-2.76
2024,10,90.52,150.04,73.16,104.57333333333334,2024-10-01,-0.22,0.3,-0.21,116.9342962962963,40.38136385486379,-12.360962962962958,-0.3061056334647331,0.51,-3.1
2024,11,122.7,168.3,92.7,127.9,2024-11-01,-0.19,0.7,-0.3,162.5,54.90716131468066,-34.60000000000001,-0.6301545949844783,0.41,-2.88
2024,12,198.4,215.45,162.44,192.0966666666667,2024-12-01,-0.49,0.6,-0.41,206.34748148148148,71.76756087549553,-14.250814814814788,-0.1985690281370648,0.57,-1.97
2025,1,170.19,246.14,160.57999999999998,192.3033333333333,2025-01-01,-0.56,0.6,-0.44,234.6493333333333,81.93648186802442,-42.346,-0.5168149648920363,0.65,-1.23
2025,2,210.84,187.04,174.72,190.86666666666667,2025-02-01,-0.28,0.8,-0.24,238.3397037037037,73.91614626861401,-47.473037037037045,-0.64225530460582,0.59,-1.29
2025,3,217.0,146.32,201.19,188.17,2025-03-01,0.11,0.9,-0.06,259.2288888888889,62.7332333308384,-71.0588888888889,-1.1327152310824344,0.42,-1.08
2025,4,71.10000000000001,70.19999999999999,50.4,63.9,2025-04-01,-0.02,0.9,0.02,181.58444444444444,81.78274422227008,-117.68444444444444,-1.4389886957644793,0.42,-1.09
2025,5,13.64,26.04,7.439999999999999,15.706666666666663,2025-05-01,-0.02,0.4,-0.02,72.45962962962963,50.29320337448976,-56.75296296296297,-1.1284419992175283,0.51,-1.62
2025,6,58.5,15.0,71.10000000000001,48.20000000000001,2025-06-01,-0.01,0.4,-0.04,15.704444444444446,17.432466517647146,32.49555555555556,1.8640824878487403,0.42,-2.74
2025,7,1.86,5.2700000000000005,1.86,2.9966666666666666,2025-07-01,-0.1,0.4,-0.14,7.208074074074075,9.938383236624793,-4.211407407407409,-0.4237517619453019,0.36,-3.72
2025,8,10.23,1.86,8.680000000000001,6.923333333333335,2025-08-01,-0.32,0.3,-0.28,10.976296296296296,12.550561040665304,-4.052962962962961,-0.3229308195729961,0.27,-2.81
2025,9,21.9,33.300000000000004,13.2,22.8,2025-09-01,-0.43,0.5,-0.4,44.57333333333333,29.935638535789657,-21.77333333333333,-0.7273381961537966,0.28,-2.08
2025,10,66.96000000000001,88.35000000000001,53.63,69.64666666666666,2025-10-01,-0.45,0.7,-0.51,116.9342962962963,40.38136385486379,-47.28762962962964,-1.1710260653797608,0.23,-2.28
2025,11,110.7,130.5,80.7,107.3,2025-11-01,-0.64,0.7,-0.55,162.5,54.90716131468066,-55.2,-1.0053333422873758,0.21,-1.68
2025,12,228.47,226.61,216.07,223.71666666666667,2025-12-01,-0.57,0.7,-0.54,206.34748148148148,71.76756087549553,17.369185185185188,0.2420200014226171,0.44,-1.22
