origem,alpha_selecionado,intercept,coef_alvo_l1,coef_alvo_l2,coef_alvo_l3,coef_alvo_l6,coef_alvo_l12,coef_n34_l23,coef_tsa_l23,coef_pdo_l23,coef_mes_sin,coef_mes_cos
1995-12,100.0,0.06355616101824706,0.03589344992874952,0.019145865842906066,-0.02254126801473946,0.034530183784768305,-0.005426592206313001,-0.15824422907330554,0.06495848832419077,-0.026689139182850933,0.0024983010660415725,-0.01607337393052078
1996-01,100.0,0.06253568798443265,0.03552446130913668,0.020727300447358418,-0.02298162534789688,0.033274357082982,-0.006005040217234342,-0.15961093403095153,0.06508706455427153,-0.02671086656275662,0.0018695011282486263,-0.01725297396053662
1996-02,100.0,0.06337472220356795,0.03738840177167596,0.02090492397893829,-0.017061254009404177,0.028242675403110415,-0.0028956390541762314,-0.16375299832389084,0.06365466083794064,-0.026014950586893296,0.0022404172409748874,-0.01734218601353962
1996-03,100.0,0.06551835435882146,0.04599890068679317,0.020692222876091553,-0.01774518526053047,0.013128166392936076,-0.0024005319149871256,-0.17228227862891313,0.06010125795500819,-0.024595467045543162,0.003100727924855141,-0.017398545941714198
1996-04,100.0,0.06356979656409782,0.05353713405051864,0.02284698899626747,-0.01653036697289639,0.006930505158169558,-0.0005446364006838159,-0.17537422933798613,0.058687799549347566,-0.021403696229344796,0.002734370589805285,-0.016992137317974422
1996-05,100.0,0.06175224555447095,0.055538561017075196,0.025985944142696477,-0.015797448670346808,0.010797452866792005,0.00319496319398587,-0.17631258443986664,0.058210475335167676,-0.01984397770268638,0.002306933804593819,-0.01601088334869377
1996-06,100.0,0.06166608948601686,0.05421673535432729,0.021382865725242176,-0.02148576723938092,0.009323344446308328,0.005700831479567605,-0.17585553508230922,0.05723658405962213,-0.02263920289229099,0.0021969243582583525,-0.014411021371322906
1996-07,100.0,0.06254410957240052,0.05570498543495539,0.020376415898927865,-0.02345453577883975,0.007201997348421606,0.008393382356598545,-0.1755179990053566,0.05571102803841194,-0.025185236116804382,0.002411250755950139,-0.013923238081190644
1996-08,100.0,0.06477711297045363,0.05808322932088106,0.023699004226515736,-0.026396787147026687,0.0033651432501532862,0.015322899742697413,-0.17284163213985546,0.04856384603226574,-0.030776504100634733,0.0033403325499517383,-0.013559518698830143
1996-09,100.0,0.06423245001134331,0.06413812584758141,0.025025866283991123,-0.022765677277706727,-0.005377648338012565,0.02532397593031457,-0.17002313134616923,0.04198258673473569,-0.031047050642983007,0.005188017905598261,-0.0136423168678218
1996-10,100.0,0.06575354176373296,0.05917152807108898,0.021070941328848562,-0.023430995989492654,-0.0002115034017261347,0.02297042955662524,-0.172538245724201,0.045713420826083054,-0.03273719352019867,0.004135073551935781,-0.01324216078769967
1996-11,100.0,0.06587395226373371,0.06103955867805287,0.017504967050098935,-0.027319405578573475,0.0007278414165268999,0.028585490502953143,-0.17481564038188965,0.04704775452332984,-0.03325603179565669,0.00444691070286534,-0.013571090891367484
1996-12,100.0,0.06206614565205275,0.0549395391230824,0.012252876868721455,-0.017745478163872955,0.004733346204243095,0.026691536255421304,-0.17024897521790797,0.046843302181594854,-0.03258942640006288,0.004280684880950129,-0.0160788635710056
1997-01,100.0,0.06280572139625876,0.04932580015218637,0.01494557621935373,-0.015247585819128957,0.003786156558367299,0.028957445540821945,-0.17235892562251257,0.04678959600270769,-0.031984990050781946,0.004806726134030197,-0.015664183573857633
1997-02,100.0,0.05839166542740775,0.043720948566909126,0.0264072327162301,-0.021692550781446787,0.014150196926227656,0.02397745507567616,-0.1663563725681011,0.04806735997231594,-0.032192490505902685,0.0022056459591541875,-0.016906046091165722
1997-03,100.0,0.06101246173693792,0.033167541894228415,0.030417765079945737,-0.033013470499202814,0.009554359378400178,0.03605438298179025,-0.1738995787290704,0.04451448116175412,-0.03157132925076738,0.0029040382145576853,-0.017453518683445173
1997-04,100.0,0.06043432021663758,0.03560464168753321,0.028431803737236777,-0.0317533871610804,0.010896305912091493,0.03796281636374311,-0.17558444175099722,0.043205528056662314,-0.030644672704101216,0.002633311398739752,-0.01730979332565232
1997-05,100.0,0.05966850874698266,0.03642545498007279,0.02882799837479441,-0.03225773779841135,0.011924519321531213,0.03818893911223998,-0.17603539152518255,0.04342733874387065,-0.031018405274293236,0.0021375311965401247,-0.016518229484593645
1997-06,100.0,0.05923806379627047,0.035962900369295794,0.028067781901417694,-0.03584479684258682,0.015198464426141207,0.039198801113566,-0.17607462599636658,0.04701359147107216,-0.03138143851422054,0.002064416007469556,-0.01632469001811885
1997-07,100.0,0.06006915765930268,0.037250016618347925,0.027439835494320396,-0.03684906359661981,0.011971065502662928,0.04063255260917943,-0.17698866731643842,0.05064848243174087,-0.03323920926248401,0.0017724877589667045,-0.016370150533606975
1997-08,100.0,0.06130954929797671,0.038384089712226836,0.027811498747080287,-0.03790684025528422,0.01187541812057126,0.04037218575821421,-0.17680859746995797,0.050468628041552534,-0.03285968439313535,0.0006053449965993564,-0.017024956252414264
1997-09,100.0,0.06466946087067718,0.03773621660619183,0.030481062282619723,-0.03578905885522394,0.004993545602548773,0.04479166198122014,-0.183256643939979,0.05647878651462995,-0.03832012387980716,-0.00026837481033259247,-0.017027823011128443
1997-10,100.0,0.06737019707220904,0.04021441568362194,0.03057687041269142,-0.03528708975629045,0.004004866942013409,0.04278262746682663,-0.18623442999401352,0.0569889966708809,-0.040288502946203904,-0.0016165704755244893,-0.016483484898361225
1997-11,100.0,0.07197940354657965,0.041850363765181364,0.03575483108126516,-0.03443626696595848,0.002574176887270506,0.038984867932419835,-0.19085751350062036,0.0554386801977426,-0.04456719743515286,-0.0029800701837729045,-0.015453972980568085
1997-12,100.0,0.07444440967963903,0.04129226642689002,0.0363440708564477,-0.034413074753707674,0.003187392504997668,0.03839728289791606,-0.19113703975031748,0.055459116594583385,-0.044582330719368506,-0.003013472055425494,-0.013114747471969036
1998-01,100.0,0.07267613565695877,0.040591260411507867,0.03220716731492878,-0.036426493691636835,0.0002063318484047375,0.042946978176921044,-0.18145567735094986,0.06396215135814219,-0.0411224943319065,-0.0008742017249733172,-0.010646280596962139
1998-02,100.0,0.07720068496870264,0.03515790550971441,0.03155693435272542,-0.03137060317066102,0.0017788996541883077,0.05325496694048717,-0.1966753265572273,0.05185344242900276,-0.0428019552420956,-0.001678739318243496,-0.011118466568337818
1998-03,100.0,0.08013503424753357,0.03887975429176907,0.029201567832543313,-0.03072120559006027,0.004513072411125458,0.04926531853998543,-0.20117127578862407,0.04768756291627742,-0.04396898034272985,-0.0010453615340836038,-0.011001958176867412
1998-04,100.0,0.08449890754453021,0.03967077347214124,0.03468842753199846,-0.03454153886110423,0.006051701945595207,0.047351597028599195,-0.20583589219311976,0.043049445875476725,-0.04625961576839854,6.02169110943517e-05,-0.011592455013975598
1998-05,100.0,0.08463076176661469,0.03786309463310559,0.03319096807562796,-0.03999524899555577,0.0035596788081689503,0.04866390342348566,-0.20366673539238828,0.047942476845360585,-0.04448462772344528,0.000958814710295334,-0.013369141385097155
1998-06,100.0,0.08550072173961815,0.038192718959519666,0.03287190054680364,-0.04019511005868566,0.004147538093953747,0.04800828694976275,-0.203840092568536,0.04841776450411147,-0.044672007746801544,0.0009285237967933483,-0.01411987493947559
1998-07,100.0,0.08539651818505495,0.0384225416628568,0.0320366476561512,-0.038128953095548215,0.0021323254692958314,0.05019299610108856,-0.20505064893660532,0.0472907285262645,-0.04402360674141695,0.0011175432125975612,-0.01400529832968735
1998-08,100.0,0.08373471648834088,0.039833018195688526,0.03285987019994298,-0.039618589317967585,0.005264984749704749,0.050474123398522044,-0.20478821388402638,0.04520631369036746,-0.041685220273680476,0.0019048656160191655,-0.013871851422388991
1998-09,100.0,0.08044198653608604,0.041336377472823524,0.0339374332302635,-0.03905886003361761,0.007171551743030529,0.05511116181312136,-0.2022678031841903,0.040904927705820576,-0.03803600442829169,0.0033997720472071194,-0.014088873379369567
1998-10,100.0,0.07168162252385793,0.04726966975209953,0.037286975475329935,-0.03607466567738969,0.015343015318498717,0.05953660790456963,-0.19022054347308212,0.029814617816855057,-0.030120207033776956,0.006320532033717921,-0.015784907155498584
1998-11,100.0,0.06731439399863365,0.053046780388972356,0.038570629019696503,-0.03474872251096505,0.014616281934604652,0.06298200264261566,-0.18511662308413718,0.026983965329898513,-0.026664346942083438,0.0072860127934411085,-0.01701682842220605
1998-12,100.0,0.05803807511588385,0.05636430235412698,0.04725527322353792,-0.030687876852988735,0.016159694668539126,0.06536630340535111,-0.17555693975518924,0.024627683208763882,-0.01778628540934571,0.007880168681574096,-0.01884335696974928
1999-01,100.0,0.05812372446307405,0.05433974064612475,0.046415092841499084,-0.03203117719376787,0.015169406199637383,0.06635217016977903,-0.17775561385995256,0.02539254098812202,-0.019074068966567253,0.007272356980848352,-0.019958580238258205
1999-02,100.0,0.057236147659454395,0.05320823497105382,0.047478700208142356,-0.03147284979936309,0.015394471774627902,0.06726327398687429,-0.17749630112737916,0.024845879426546723,-0.01887234485871668,0.006639992295763518,-0.020365722829907687
1999-03,100.0,0.06341204795674514,0.052847816488674045,0.04854986328510894,-0.04072524673152242,0.014178254110583143,0.06292125641209724,-0.1869939273372656,0.023279558752074866,-0.025620822893239005,0.0058734594107157385,-0.021112096752639326
1999-04,100.0,0.0599092320806991,0.0499395649180901,0.04942076679124358,-0.04115099097294731,0.018453132056408427,0.06534208268205272,-0.18562511353289937,0.02412407622298124,-0.023198616088053816,0.004608095834429355,-0.020160439216485
1999-05,100.0,0.0638967466081366,0.04450168741579235,0.059496867544438475,-0.040429520057016013,0.011868735062601814,0.06636793752119685,-0.19036957389989162,0.02090673461495856,-0.030020825123581223,0.0031402066577989967,-0.01965561132630895
1999-06,100.0,0.060951988502373884,0.04146411206033396,0.060497175611802956,-0.04358172512865507,0.014996207967573961,0.06623577165672896,-0.1897940551028328,0.020673973661377507,-0.02718623619801854,0.003493880522367447,-0.018143975083362927
1999-07,100.0,0.05443868543332149,0.04392399859773806,0.053871864399649916,-0.04167885266323657,0.012251538781387704,0.06899076151812711,-0.18764221275510037,0.018824435746132104,-0.019112548853254443,0.005936296392999371,-0.016096509894109715
1999-08,100.0,0.04741039611000842,0.04846184466341337,0.0562945898288209,-0.049562623989401276,0.012668168947643586,0.07112880306508088,-0.18438430877706577,0.016112530957030528,-0.007897803413307359,0.008737770495079546,-0.015520979975696795
1999-09,100.0,0.04612012933998598,0.050308297437815744,0.05616781945013454,-0.04953829300101416,0.009898831439050364,0.0724313888677883,-0.1835380213633582,0.015070734428138822,-0.006329509614104423,0.009605495694018373,-0.015548313761366261
1999-10,100.0,0.04284693364665773,0.050572047963638726,0.05974545973784414,-0.04773107770642286,0.011542768792208344,0.07614565243130716,-0.18082689771010452,0.012704566690130831,-0.001732658136801887,0.010988841780188507,-0.016200402775810804
1999-11,100.0,0.03854042975226754,0.053617468259802646,0.05924346803046329,-0.04390865253577311,0.006043720898618978,0.0780957620752302,-0.17776198403098512,0.011047718822947158,0.003601669831424043,0.012347427381564177,-0.0177306613132411
1999-12,100.0,0.03988563915671455,0.05264529308397916,0.059034058888258585,-0.04435157788588481,0.006301439704196631,0.07624549403897853,-0.17899886642658466,0.011217522507834272,0.001195230628929728,0.012155104283008287,-0.017664123241296105
2000-01,100.0,0.04106056013863173,0.05262582468649944,0.05721571285581695,-0.045655631550448286,0.004362639843546358,0.07778242982134496,-0.18141344765636946,0.011942807459827409,-0.0023219429367895353,0.011617315010304375,-0.018410418423099657
2000-02,100.0,0.041817699960441025,0.054417175616488005,0.05717107673541327,-0.0479737666263521,0.0016465947971012252,0.07774768391674584,-0.18427568058257116,0.012766787785932467,-0.005667033150069088,0.010534915385295043,-0.01909517430289596
2000-03,100.0,0.03552538325693806,0.05227184148701974,0.05645465566823243,-0.047875781641511315,0.0024344352505016745,0.07032745139703324,-0.1800226489200377,0.012865282608237898,0.0003974992257412334,0.00759360113244815,-0.018791604507556205
2000-04,100.0,0.038503149912577236,0.047616889225643985,0.059059896983168894,-0.04544810748161022,-0.002147729657306209,0.06917662438597705,-0.18427634036208307,0.012358253899421457,-0.006626359328586044,0.00633634115968134,-0.01908341305647326
2000-05,100.0,0.03672379209054938,0.04713728060724586,0.060021055476688116,-0.046577088655249704,-0.0010411270691875658,0.0681025400805312,-0.1839821151221178,0.012374731383097243,-0.0064052522776780925,0.005462757385390944,-0.01761027138408653
2000-06,100.0,0.035335027607741626,0.047256694722300936,0.05929150175769618,-0.04636853106520904,-0.000550571428576413,0.0677663078079925,-0.1839524779456609,0.012388228335306155,-0.006237612527579073,0.0054582673810764796,-0.01624988273633771
2000-07,100.0,0.036890346216558456,0.046909904844197214,0.05906041885799647,-0.04098723114720303,0.0032620856978666023,0.06425970870859954,-0.18535444427815528,0.0125903878214937,-0.008964266161097634,0.004617257039781598,-0.016689106407545253
2000-08,100.0,0.034217517961119465,0.043813226711998325,0.05885340895211807,-0.04149611988743461,0.0004982157089800127,0.06829532305000197,-0.1845247775585996,0.012688366662535491,-0.005611835622973421,0.00643667292220132,-0.01608998849087132
2000-09,100.0,0.035430068413218746,0.04152356968414925,0.061638763362333995,-0.04148249717304265,-0.0006981842234471183,0.06791298565406076,-0.1854033747037664,0.012383875088735535,-0.008504470302960199,0.006104306314499426,-0.016005293572082788
2000-10,100.0,0.031616577901949945,0.03769888735570909,0.06536161497883067,-0.050042893620386934,-0.01189125280435233,0.07064292227497158,-0.18551496855406435,0.01267726377585382,-0.001043134966506669,0.008157408980454105,-0.01703069403674964
2000-11,100.0,0.028947664073455448,0.04353496250923211,0.061944162234562665,-0.04768506771561536,-0.012349732898594442,0.07245529604968073,-0.18445021083991484,0.012820386880481137,0.0031613461840657416,0.00910501410258073,-0.01795904283501314
2000-12,100.0,0.030300801490824904,0.0421868711435858,0.05961837669328211,-0.046614073576830097,-0.011544985339653811,0.07244910252056552,-0.185488950271516,0.012478992961339726,0.0013528980891645195,0.008948616646714713,-0.017410729505710112
2001-01,100.0,0.026903064958942007,0.0411043153937415,0.06213956350351911,-0.04008407251892389,-0.014825796826739939,0.06912876653853348,-0.1832002027633102,0.013199000479620568,0.004717996621164247,0.008216306182297085,-0.018893312505897215
2001-02,100.0,0.027290639268364204,0.039387354397745065,0.06260586030958579,-0.042193430913758954,-0.016585175309752183,0.07134757121924183,-0.1854709594997933,0.01258731649209743,0.0036366584712240295,0.007954063994493166,-0.019291421470251174
2001-03,100.0,0.02741938686026317,0.04012610822997291,0.06193536101439309,-0.041802605197063795,-0.016515335052583645,0.07029439871077155,-0.18705354657943993,0.012100071106447962,0.0039677698393228,0.008118191583767177,-0.019383996659077377
2001-04,100.0,0.025534451992549393,0.03983304937146814,0.06131728483678436,-0.04009122811299578,-0.01346219520802805,0.06823633521651139,-0.1871042311967068,0.012259659403105022,0.004249180415282928,0.00656706486412273,-0.018466518164886293
2001-05,100.0,0.025401707989755672,0.04014263456125714,0.06175056273934991,-0.04032642655501334,-0.013422580922816695,0.06852810750716938,-0.1876529204989891,0.012435989294728483,0.0037302042608500226,0.006326461461598786,-0.018249797740302415
2001-06,100.0,0.026481944426821634,0.04029474553873777,0.06136487623063864,-0.0391486692448083,-0.012796752987935743,0.0692063137760672,-0.18823328628331948,0.01289887565255461,0.0011537017118157325,0.005866693994041075,-0.018764476882692387
2001-07,100.0,0.025506268464061687,0.040113645782500006,0.06113615048151665,-0.038641193054918595,-0.013038029705512214,0.06980348665603525,-0.18845236175620808,0.012824122341639859,0.001266281264129871,0.0063876097741317,-0.017891111218242602
2001-08,100.0,0.02390610449872575,0.040619780232600544,0.05826269984241424,-0.039497385822627885,-0.015260323405878474,0.07220165492476453,-0.18944694768135562,0.011678914174151084,0.004704536289959258,0.0076276747282410014,-0.017549803314937964
2001-09,100.0,0.02074068666528186,0.04412040626862329,0.058328428430649726,-0.04362436337268231,-0.01649765829407431,0.06871335774222227,-0.19111848034325896,0.011521911075649946,0.011939107070120913,0.009571721666683807,-0.01755605360130805
2001-10,100.0,0.02027678613518481,0.04573009811298886,0.0596674875324199,-0.04410805431981073,-0.01591539964413372,0.071469573788013,-0.19142362284189818,0.011580539734525743,0.014943511017123861,0.00945897905959357,-0.01733479814606084
2001-11,100.0,0.021320729503239932,0.04569445498982342,0.05721607989760536,-0.0451968610720622,-0.015569958201652048,0.07110681302326655,-0.19242818514782314,0.011605124885740812,0.01364365062929889,0.009012828164297779,-0.016858921595425097
2001-12,100.0,0.019966451028698012,0.044955422558233114,0.05881770517121269,-0.04282146686650133,-0.016597850531890838,0.06990385385327973,-0.1924486153272118,0.011481380766503006,0.016135495947631744,0.009178934858948837,-0.017487595863020025
2002-01,100.0,0.02169655618325015,0.043316527306158085,0.05959495662411549,-0.044725110122151114,-0.016418872369503814,0.06817109621138132,-0.1927822825872322,0.011660136188343289,0.012784666591366007,0.009406920549457628,-0.016870724723815907
2002-02,100.0,0.018004905491071265,0.03931457676372017,0.06264918420615583,-0.045071064377363794,-0.01193027921679983,0.06423138577925905,-0.19132901614466316,0.01301416262663753,0.017360770082447137,0.007683943382288286,-0.017700359969904017
2002-03,100.0,0.016105752259851364,0.042866483217139595,0.06045786614087509,-0.04366183371923185,-0.009098560218835806,0.0625229594800581,-0.1907691823490265,0.013528007798845217,0.019312318265589996,0.006583655195326781,-0.017476065269767357
2002-04,100.0,0.016981749873239905,0.04272284561188944,0.059756166985927166,-0.042608305257836515,-0.009063971654628338,0.06260238802488596,-0.19182902980718247,0.013405738487471458,0.018847796365375022,0.007171681689543498,-0.017902780560170486
2002-05,100.0,0.01827619709234197,0.04327232458573095,0.05850039540094175,-0.04586564412404272,-0.008707915224347025,0.06331163395460444,-0.1917698699641876,0.013043559579902948,0.015932504414385425,0.00700666244459875,-0.018525972272610998
2002-06,100.0,0.017353735853570678,0.04273107517811608,0.05837679709718178,-0.04521373676342428,-0.007513093413858901,0.06200218972594947,-0.1923320761757071,0.012964453757402841,0.016882691558794616,0.007126612135950787,-0.01774274051860091
2002-07,100.0,0.016660033316658013,0.04319330491301214,0.05700254439155805,-0.044999562057508116,-0.009724129850225324,0.06258817639666435,-0.1937796490449943,0.012376048289890572,0.01905938170638199,0.007565195525081395,-0.017391531109117262
2002-08,100.0,0.016111753434572912,0.04415079751833797,0.05726209323083745,-0.04697693495132548,-0.006076088922717287,0.06446897973916584,-0.19620478203764355,0.010802777533237709,0.023147156308094323,0.007851593865244538,-0.017600863197009035
2002-09,100.0,0.01690580938169349,0.045008404226306864,0.05715407039472723,-0.047097068577676676,-0.0060306004472102355,0.06598023062453,-0.19710117299464494,0.009939662274014601,0.02429872057137183,0.006985765825106295,-0.01766437671862245
2002-10,100.0,0.016912516035966035,0.04689226217271069,0.05915282488407026,-0.046114956905044434,-0.007501678742407874,0.06701319980021926,-0.20016144624638388,0.007608876053335007,0.026056510690998316,0.007241885157934285,-0.018011831440007786
2002-11,100.0,0.017232425912210247,0.04957544360702426,0.058990799493712234,-0.045114263909494204,-0.00855408537590459,0.0665050254625708,-0.20137214842647752,0.007784614081615672,0.02668789855320424,0.007000257242592892,-0.017652099733289548
2002-12,100.0,0.018712076999603363,0.04899562985021096,0.05871900837473278,-0.045344314400307804,-0.007951069040889762,0.06559786255785499,-0.20096006525864743,0.007695026821291431,0.02645952635732858,0.006972544273166508,-0.016114434769583314
2003-01,100.0,0.0187280887385175,0.04858291984106126,0.05982284492835394,-0.04173773258451292,-0.0068242854064988635,0.06294288501725838,-0.20317773477857556,0.007634273138612189,0.02617162882197957,0.006658392188331431,-0.016275717741565006
2003-02,100.0,0.019623515675066476,0.047394289028953075,0.059977871987451324,-0.04442934271820377,-0.010836807797576705,0.05597003789097199,-0.19721889936173403,0.009443647084686826,0.02994292834321504,0.009479598790012167,-0.01489887085844637
2003-03,100.0,0.020367262423310533,0.045259811635839066,0.061200346622764426,-0.0443289849480989,-0.010473909354809104,0.05644798753709548,-0.19884625728358932,0.008409663936088505,0.02902289495572138,0.00955245271232699,-0.014915930348358315
2003-04,100.0,0.020095909043548923,0.045198936268401387,0.06249572700484541,-0.04469522966219341,-0.0112362065862635,0.05655654289358434,-0.1993909672318761,0.009358961570641823,0.029718106080539583,0.009646938524641222,-0.014929215075871707
2003-05,100.0,0.020738107815347417,0.04524459040813109,0.06333711547250631,-0.04673947353765814,-0.01026472213615061,0.05608223230193038,-0.20021670073610254,0.008585732990659648,0.028779820467286974,0.009666583275764046,-0.015078578464154913
2003-06,100.0,0.020711482711573706,0.04602737472467335,0.06270973723562642,-0.04595517571390089,-0.009611131416011871,0.05587886184003057,-0.20023183201407888,0.007462588153457537,0.02801551206232331,0.009687507713728711,-0.014611698365283901
2003-07,100.0,0.02033113374481733,0.046964353661396945,0.06396199119893545,-0.046322872758464834,-0.008214268262694207,0.05734659975699323,-0.19898782289285769,0.006429557309229642,0.02776356833749949,0.010111151932330172,-0.014182916359073552
2003-08,100.0,0.022468115378323897,0.03882946090268672,0.060521616669227486,-0.045585478213813244,0.00035743204178980364,0.052219022839479344,-0.20316828141972756,0.007935043927935434,0.025549628354034338,0.008225746058263119,-0.015151918222325887
2003-09,100.0,0.021914216314716385,0.03344863408633935,0.062199421933560754,-0.04417286491259698,0.0018739273823761766,0.054277682953399485,-0.2035022749896912,0.007355801264408588,0.025901781359564675,0.008946468787294479,-0.015331201879462825
2003-10,100.0,0.02195997757253214,0.035741695773884474,0.05509804780704158,-0.04222894259560526,0.0004605434506541979,0.05944759863747678,-0.2044558379605975,0.0051637116536751015,0.025145409462104872,0.009454641050344235,-0.015941852848163785
2003-11,100.0,0.0227079948393126,0.037382555860513256,0.05546638185270354,-0.04520825396360436,0.0012001474605750542,0.060343928096034505,-0.20503914517410632,0.0038486796270552634,0.025292646955634462,0.009151121898425077,-0.015546943502831817
2003-12,100.0,0.022836070815250402,0.0384075663343668,0.058219567199108674,-0.04305781408638003,0.002475706270169114,0.060513760317001855,-0.20465778714312277,0.0006521865499437217,0.02548855798729111,0.009114041709470229,-0.015895133960841447
2004-01,100.0,0.02369187446631582,0.035605499111979966,0.05636814464995439,-0.04650567697076112,0.0001429781592826229,0.05841103041279493,-0.20492402676811433,0.004889180328904824,0.025161153064356123,0.00987108114917778,-0.014544088155890585
2004-02,100.0,0.02324386669770956,0.04239199675766761,0.04992783539021586,-0.04991121098268164,0.009680521859956586,0.06467970491115455,-0.20150481419558433,0.011380073508849155,0.02360617288497034,0.01052682673193067,-0.013998718421367089
2004-03,100.0,0.02337046290523412,0.04508340501262104,0.05186508471202363,-0.05154719418885358,0.00767808704166365,0.06326817250997308,-0.2006206587136104,0.012489086353476215,0.022605256130216498,0.010624068572032736,-0.013947643657104384
2004-04,100.0,0.02304454615169891,0.04471743409407365,0.05023115370578442,-0.052368695473762404,0.009004928558456854,0.06316950064170204,-0.20253423521647562,0.012479399309224669,0.023425780494197097,0.01036140415711658,-0.013793933903592435
2004-05,100.0,0.02316343595013084,0.04541452335873283,0.049731614149934884,-0.055006577426168754,0.009833169500728886,0.06396549180699493,-0.20348935558809872,0.013274480966418981,0.023712923057758125,0.010489529238961156,-0.014003507218244874
2004-06,100.0,0.022987986485800735,0.04607273770027692,0.05003535593635114,-0.05570355784398138,0.011392801783590176,0.0641024609519496,-0.20364590760678378,0.014476202916191148,0.024045002108572112,0.010516037713307535,-0.014138313481413345
2004-07,100.0,0.023723657074325562,0.04559861306288833,0.049447772358838016,-0.05551579348089722,0.012165822134656494,0.0642296689312029,-0.20389648263680596,0.013354918405118245,0.023810898291681967,0.010227674178555697,-0.014635106893660953
2004-08,100.0,0.023102336047460648,0.04603660835200759,0.049616184891078434,-0.056252354205480734,0.012302561235872209,0.06415331183392309,-0.20394785311616606,0.013106483411138662,0.024313296416623997,0.010800602192316046,-0.014321831024320227
2004-09,100.0,0.02214864181637069,0.04512143815148305,0.04822169122933222,-0.054885228886079176,0.010735240112139836,0.06659547981182312,-0.2055707999853971,0.01458126536902072,0.026075403622436124,0.011380176200685365,-0.014293802262631567
2004-10,100.0,0.02287036521280176,0.044614784597474706,0.04906183234226925,-0.05435573503532425,0.011043378942732815,0.0666860036896021,-0.20524822501552412,0.014687453946442889,0.026354483817445217,0.010563574770812805,-0.013773521412583744
2004-11,100.0,0.022993363370261154,0.04266771336692894,0.0546802999566785,-0.054455453157412376,0.013423396670108759,0.06853712677049352,-0.20637092169283439,0.012612095494576111,0.027399864806836222,0.010624476746647776,-0.013792964028334641
2004-12,100.0,0.023418315518690468,0.04348920394876016,0.05480203234178394,-0.0535552666589793,0.014237406552313736,0.06897272392696077,-0.20695289850756832,0.012157687053560663,0.02812696624235057,0.010662920297785972,-0.01314070920454745
2005-01,100.0,0.023558550683910884,0.04309879319990106,0.055408999046703454,-0.05326327327912157,0.013666424186498572,0.06786709584133183,-0.20759005495481592,0.012495575273219048,0.02863004732011669,0.010830925664922338,-0.012846798457541928
2005-02,100.0,0.02398295528588036,0.04246576279620182,0.05532672243499796,-0.054720196978378446,0.013888230939069404,0.06946714354000949,-0.2072060468133666,0.012907561695716085,0.027444084229258623,0.010955665753595916,-0.012793100977818632
2005-03,100.0,0.02529245101040684,0.04672218207492984,0.05086276427664551,-0.058270311247699866,0.009759892491548202,0.07544972497763285,-0.1971945370977576,0.01996825486482008,0.020105972657609834,0.012276854530658176,-0.012991506017390768
2005-04,100.0,0.025132477460611452,0.043126490068825525,0.050551100537705076,-0.057435366613306796,0.010209976151741641,0.0763526756361506,-0.19974639939188735,0.018908885690993762,0.021001964572970253,0.011943667537865871,-0.012794308130650953
2005-05,100.0,0.025359086066148402,0.043418580974454966,0.0513403753982389,-0.05807950440715463,0.010200377600139601,0.0763907326697878,-0.19995350282033109,0.01935110880869856,0.0206427584689593,0.01202422035862436,-0.012984934591603683
2005-06,100.0,0.02606493309089415,0.043497989953400276,0.05176671724458256,-0.060215004075942644,0.011042930888514074,0.07653224656119216,-0.2006488464488547,0.019027939210790552,0.020561335570149615,0.012006406833352636,-0.013623929159169131
2005-07,100.0,0.025793687186426974,0.04446887542101379,0.05166125620992812,-0.059099788980586876,0.011135344307155258,0.07614337315886556,-0.2007472951254723,0.019300497171720176,0.01976541865791624,0.012212274259918101,-0.013206670697863823
2005-08,100.0,0.025324646329254928,0.04651605645908446,0.05285992046218849,-0.05949355659581525,0.010268877708688695,0.07538964980500693,-0.20022768911864566,0.021538972170870786,0.01831044350361758,0.012461871986432423,-0.012949273817698418
2005-09,100.0,0.025663572956543076,0.04703743973076044,0.05259610228737482,-0.059468751859893886,0.008899443134629684,0.07611810746872005,-0.20023055783115087,0.021481475916172114,0.018319912424095003,0.012120271948753146,-0.012924963060880847
2005-10,100.0,0.02420633685826576,0.047240973542688205,0.05526749326817328,-0.05792663054092947,0.010567501204968192,0.07604363685548979,-0.19886918310944418,0.023323612448420503,0.01948956685668703,0.012790193982921465,-0.013198426635312817
2005-11,100.0,0.023383566801404795,0.04867272897692492,0.05486676293155301,-0.05636671889493659,0.010726114856804473,0.07882429103994869,-0.19864859466249143,0.024050898161303205,0.021210185190764032,0.013030364312503746,-0.01326911588410147
2005-12,100.0,0.02356933957648566,0.048517900242184095,0.05553201436391269,-0.05630995331638847,0.011540056464404183,0.07844637656932597,-0.1987603216207389,0.024079781989776502,0.02169648884867469,0.013056903453826334,-0.012865677847963044
2006-01,100.0,0.022062637076814058,0.04813179042350735,0.05649186304718816,-0.05471366856005048,0.012546169913741871,0.07840223941962128,-0.19848308224645628,0.025212624673926102,0.024516266502983552,0.012971880173882091,-0.013193170849263615
2006-02,100.0,0.021910930128948212,0.047641589153663025,0.056693759299417654,-0.05504131268390086,0.01242462351744847,0.07857024151747945,-0.19896117817874323,0.024891658805003776,0.02420828832245596,0.012602161073289897,-0.013446940832355663
2006-03,100.0,0.02207243822106335,0.0472945900301285,0.05321298145965074,-0.05619955571691072,0.012446471065520394,0.08765599552044553,-0.20356216963117932,0.022666351211814477,0.02565757049888556,0.012461677651854887,-0.013621159743964557
2006-04,100.0,0.022517667165725383,0.05715486193516104,0.05191596329722467,-0.06263242430401261,0.004090083955785872,0.08460346978265566,-0.20408424142675893,0.019402915635923553,0.027334781102820047,0.012803344369023804,-0.013716726868608238
2006-05,100.0,0.022066773138318656,0.0642046005765191,0.05616341056562117,-0.06198651417998145,0.000943491671620244,0.08350368111820282,-0.20419576411286025,0.018404859859812328,0.027210915828916132,0.012484777340839859,-0.013185721317999383
2006-06,100.0,0.020709165010380507,0.061596805481286744,0.051167570120195044,-0.06507308532723333,0.001680099790386083,0.084967203443912,-0.20509027154272577,0.01872894470395039,0.02861151006079632,0.012622702716441775,-0.011818661849894248
2006-07,100.0,0.020582833493805106,0.06275937202124017,0.049201426066934166,-0.06850670660972293,0.0017405354945859792,0.08651174779451322,-0.20559159803677227,0.018891978166782772,0.02953253776922504,0.012731899653574436,-0.011770175337378164
2006-08,100.0,0.021038715752127388,0.06361093830396822,0.049782878975237775,-0.07008036449256858,0.0017719605525044362,0.08696803525469524,-0.20555753881353825,0.018480581860402093,0.030029020267743494,0.012333119714522221,-0.012014933496787493
2006-09,100.0,0.020804964084222357,0.06490259125100432,0.05103006544182124,-0.06869090045172338,-0.002639697034172254,0.08739837191484826,-0.20497260225154662,0.016868982182484317,0.029751295354908586,0.01321108073674362,-0.0120616151638021
2006-10,100.0,0.021150803957110904,0.06447058575993875,0.05157476583519812,-0.06866008549655281,-0.001148569456182117,0.08768153838534236,-0.20501177154084566,0.01721809104618123,0.030030178250703688,0.012718880553155076,-0.01174635922622473
2006-11,100.0,0.02115066140533224,0.06429189920099673,0.052570716986490004,-0.06823364093881644,-0.0033271696836736043,0.08905917910543107,-0.20650476881095087,0.016253051737699115,0.03225707559771069,0.01290930800610184,-0.01159564309004581
2006-12,100.0,0.02053157873564689,0.06573314507242253,0.051853478868606265,-0.06551621463397697,-0.0020791167671796486,0.08981140651495476,-0.20835629909182496,0.015093685040308146,0.03532848968465237,0.01314621608258686,-0.011869107749285032
2007-01,100.0,0.020525438283960702,0.06958705463522667,0.054071607965143195,-0.066688034507904,0.00030286952322470796,0.09112977162570692,-0.21015483187504533,0.013944324801372025,0.03762635236017811,0.013379542684196447,-0.011575903243959022
2007-02,100.0,0.022744668896673335,0.06408667718178657,0.04640412727619793,-0.0699868949741765,-0.003180224919145318,0.0928410346962959,-0.20341103160144464,0.017570272001789115,0.032657955408732765,0.015466744451508216,-0.010632627007980715
2007-03,100.0,0.021468522178896374,0.05694088660876098,0.050852444203647186,-0.06677066815299719,0.0007602185299197356,0.0884589801110513,-0.20688443200228895,0.01631962860683607,0.03555234762871261,0.014215252079551453,-0.010464862647050734
2007-04,100.0,0.020412488607322945,0.058704578312874005,0.048393688227691946,-0.0650906407038171,0.000771824621655369,0.08569228262671137,-0.20833878034911685,0.016288679443807363,0.03654172550357814,0.013210545617198925,-0.009756567798103768
2007-05,100.0,0.01953031510837742,0.05932576681520063,0.051320803090778036,-0.07046006100820953,0.0027637746879274195,0.08213538367732115,-0.20863397703022252,0.017268582727802663,0.03870542112900249,0.013113203430981688,-0.009160458208519408
2007-06,100.0,0.01900188258545667,0.060198171034925266,0.05122334911784074,-0.06956245435616185,0.00441090745859366,0.08227367471104702,-0.20827568408054478,0.017555001662892592,0.039432290783887367,0.01321559898334372,-0.00880171210966691
2007-07,100.0,0.01845457274935213,0.06047049871325187,0.0530756903011915,-0.06912397139656795,0.006534251572017842,0.08366690312537291,-0.20711650287417321,0.01718404493306195,0.04023721446575597,0.01354027578014078,-0.008496452781453716
2007-08,100.0,0.017758373080585598,0.062419432435653184,0.053438067666205936,-0.06743366828375415,0.002134201039732437,0.08437251924966437,-0.20571206402004627,0.016019426633464298,0.04085314349097482,0.01443042896697994,-0.00797292296002295
2007-09,100.0,0.01732722674501735,0.06381336601634396,0.054919202271731124,-0.0665304575285574,0.004213633157152471,0.08639826307481455,-0.20336020178824654,0.014718379986915407,0.04043562105142915,0.01502205989309272,-0.008101884958781683
2007-10,100.0,0.01627647284452924,0.06692122059363194,0.05734236202256086,-0.06468240274420406,0.004755717820150596,0.08542699399064423,-0.1986654186879665,0.013986456033440585,0.03882942399769642,0.01599026000490348,-0.00891314949551153
2007-11,100.0,0.014817091126075049,0.07005484367909871,0.060434112673275926,-0.06197143675011037,0.008153336557115181,0.08695701827621072,-0.19317752140275285,0.013011913765174663,0.039372942166085195,0.016470337223230637,-0.009840547213686001
2007-12,100.0,0.014030032727739054,0.07102000991374134,0.06198893823987884,-0.06077814222697487,0.009263600942034792,0.0877356153652085,-0.19124775554315449,0.012767778107297395,0.040836750021157345,0.016568047978407215,-0.010080190363981526
2008-01,100.0,0.015648102476692384,0.07007105743422302,0.05944465310718234,-0.06319152510336921,0.007305689590619088,0.08521063491700655,-0.19521814431880957,0.012471115454657327,0.03760652466848977,0.016554291108492155,-0.009912039094018856
2008-02,100.0,0.013258317586614696,0.06847871900695382,0.06100649387607983,-0.060880979292545274,0.009210763719219082,0.08142121036630202,-0.19180261856632894,0.012519286730521606,0.03904409158338509,0.014737548668517706,-0.010925462737038158
2008-03,100.0,0.01560761060521873,0.06730969360222704,0.06305004770729258,-0.06396219436488149,0.006904232427556163,0.07744725102464106,-0.19820198465165564,0.011042619802271319,0.03359706655112727,0.014686054410855466,-0.011593653970298769
2008-04,100.0,0.01455496026581883,0.06732843972162969,0.06310021793348185,-0.06389335734926858,0.007310804237368156,0.07730440174877089,-0.1987687650133237,0.011067986186244992,0.03396157125781345,0.01363943726986523,-0.010986128058154828
2008-05,100.0,0.014805147552538818,0.06709581880683962,0.06900345096808735,-0.06456324030355118,0.003697711170752644,0.07433732015827149,-0.20124608234759742,0.011621037387065138,0.030453943040533175,0.012807997535712918,-0.010766989734093126
2008-06,100.0,0.013754855218406477,0.06493288504370406,0.06915034563219918,-0.06819183604624057,0.005145663376200825,0.07504592023392063,-0.20083088470415578,0.010348619300108964,0.03326838458426792,0.013213116625564993,-0.009704738212793183
2008-07,100.0,0.012783046481765682,0.06660420621307697,0.06620198011171094,-0.06822390003131867,0.0029308358075315435,0.07678553818836525,-0.20029869980421894,0.007834492588740487,0.03681380617238665,0.014285490972349688,-0.008749692055500847
2008-08,100.0,0.012851079541952937,0.06780796341667447,0.06713532459780609,-0.0702204790878366,0.003292243768978796,0.07736151960377437,-0.19990729061427098,0.006013165271981091,0.03901090681196063,0.014510661693102233,-0.008789640541670056
2008-09,100.0,0.012328983207350673,0.0691427033674025,0.06841450211303347,-0.0688144258556394,-0.0023289064123188557,0.0794923086861672,-0.19968408241818872,0.002379673681056083,0.04383421773704233,0.015853020403462956,-0.008761800054252238
2008-10,100.0,0.01240215620807026,0.07052144922919878,0.06921669478498724,-0.06810116575808338,-0.002422380794617364,0.08097654555415164,-0.199727143648484,0.0007902599525307035,0.04631151440318399,0.016002329225844564,-0.008673538356622336
2008-11,100.0,0.013177418111147518,0.07055545708997892,0.06771597440345031,-0.06881866935929022,-0.0012287759802862115,0.08047227200541289,-0.20029506600627328,0.0012698137422625278,0.0452374889119429,0.015447411485252296,-0.007978300011459206
2008-12,100.0,0.01390126301121979,0.07128996958884748,0.06664104793072677,-0.07091291412150165,-0.002149792717992284,0.07948884036854914,-0.20055721599507143,0.0018442940748858035,0.042518447808013955,0.015203381885582254,-0.007552445594365826
2009-01,100.0,0.012654770604637648,0.06972679091284104,0.06650500240803836,-0.06948808748134462,-0.0013382979923460792,0.07788113266160118,-0.20085686832908103,0.0017560077759648728,0.044678909480339694,0.014756342612954845,-0.008499737350910697
2009-02,100.0,0.012949178937736573,0.0688895122016192,0.06736122002145228,-0.06955949101702538,-0.0019952787632107325,0.07766789433294242,-0.20135918181603338,0.002236466578195663,0.04305687242582922,0.014818100687815888,-0.008499967521333925
2009-03,100.0,0.011470064187337205,0.06834281389726206,0.06936921758412155,-0.07094258821523157,0.0009502209570607304,0.07208905246109379,-0.19999482371317015,0.0006947497857248214,0.04631563923125336,0.01347089053569423,-0.00832587610350486
2009-04,100.0,0.012600636657484622,0.06272681911977891,0.07208226656468286,-0.07340059382066387,-0.0031012808356514266,0.07463968001287553,-0.19975544926389618,0.0022751245305299168,0.038074928499096806,0.013064417801146989,-0.00928969926885904
2009-05,100.0,0.013636019642287622,0.07287910173246351,0.061661773103689206,-0.06343754884354472,-0.006014988660847963,0.08259780663304415,-0.19569780786362959,0.0022369444882551926,0.02755113114506215,0.011990241143447211,-0.010335204053627693
2009-06,100.0,0.012425659341090772,0.07147001498736984,0.06055729471495781,-0.06300519668531956,-0.005738106777720257,0.08288303328957074,-0.19633931224787582,0.002086708450466237,0.028574366750058828,0.012087001053649793,-0.008902034460017976
2009-07,100.0,0.012440001098798474,0.07152497583478995,0.0610286686133937,-0.062234602842123135,-0.006059069658200413,0.0834918001814195,-0.1962114317647834,0.0022499154089012296,0.028126520060679432,0.012036124862178288,-0.008924809948025997
2009-08,100.0,0.013165402022767638,0.07178957807809834,0.06120797824094218,-0.05773777438616293,-0.005028018438064546,0.08238658811861775,-0.19448425329159352,0.0038658467678556563,0.026654641161827336,0.01076594923307527,-0.009467564305145915
2009-09,100.0,0.013045192711201258,0.06911034546085115,0.06104894740784481,-0.05825950981019221,-0.0017147311190727967,0.0859577642827097,-0.1975814608105857,0.0016789548470902565,0.029661170855252512,0.011717017933111735,-0.009626077008894385
2009-10,100.0,0.01335101848261723,0.07182898862048814,0.05974549970058849,-0.05889151179036605,-0.005523633122538396,0.08693166513620884,-0.19898390688889847,0.0010668789908983133,0.03098313632553081,0.011629796050105109,-0.009580567364569628
2009-11,100.0,0.013758589392825945,0.07441524985212657,0.06549520972945048,-0.06043053680017357,-0.01644936642650795,0.08509462477145195,-0.1993786650254634,0.00020778604818611236,0.03081043432570314,0.011559751571620975,-0.009784244447888741
2009-12,100.0,0.014275258273301939,0.07417094664987232,0.06570490717922427,-0.0604328536829281,-0.015820044879622523,0.08473541270762955,-0.19954659314467887,0.00012144815265913907,0.030893610660078744,0.011539894141447394,-0.00916239490254493
2010-01,100.0,0.015042970621963313,0.07364436504560172,0.06396909129238482,-0.06092921478276703,-0.016173371548092102,0.08392617427365626,-0.19854385709442168,0.0015173783006855596,0.03015074846194517,0.012103829629066386,-0.008102692084647522
2010-02,100.0,0.015570827739583784,0.07335234111928572,0.06426557526997505,-0.06196110476542231,-0.015898184986470696,0.08426941157049507,-0.19728833727330175,0.0021246419110676888,0.029244597091619456,0.012708676207020667,-0.007780502884434519
2010-03,100.0,0.01652406557409688,0.0723464979111752,0.0629584929691228,-0.06153130305539199,-0.010978469495632533,0.08701831503332974,-0.2029324401989406,-0.002890712040171268,0.03132089392500493,0.012633207140096012,-0.007675723256677572
2010-04,100.0,0.01677740202312379,0.07118991307998594,0.06315246726686634,-0.06113774930551413,-0.011766849715151762,0.08910032213264892,-0.2022820980765851,-0.0009607994319356082,0.03110747304615172,0.01335472053361353,-0.00813574348564286
2010-05,100.0,0.01689196757096796,0.07147416254532427,0.06402103291502119,-0.06164225247456614,-0.010872676557094318,0.08776014829221467,-0.20311279427970755,-0.0017145734385759278,0.030888326581245493,0.013270748354470271,-0.007977042964922057
2010-06,100.0,0.016803281431698198,0.07154034079835768,0.06407404876421956,-0.06233284050661703,-0.010423128688646735,0.0876286937268508,-0.20297585745032376,-0.0008686225402201715,0.030711452780588306,0.013220427684525221,-0.008088161486324892
2010-07,100.0,0.016877740282524645,0.07142170068303484,0.06430444136418725,-0.06219753617351324,-0.0108240994296707,0.08815673866866072,-0.20323802006949795,-0.002038960500126857,0.030820087538708216,0.01342372623035881,-0.007905286165295674
2010-08,100.0,0.016702248989162928,0.07296971412258432,0.06402521840564998,-0.06162651937973822,-0.010783630566698794,0.08693200171665752,-0.20193703545835692,-0.005798059043096581,0.0318392992882887,0.014635937750510674,-0.007521858300404847
2010-09,100.0,0.016379644391913285,0.07501575574587796,0.06570324116770057,-0.06188938754915292,-0.0057221675067017416,0.09043798629167565,-0.19928039987169593,-0.009928350565639366,0.03518255707727527,0.015951377030991823,-0.007792069835801288
2010-10,100.0,0.01665931506812908,0.07384315783865837,0.06522157741880731,-0.062053465195374836,-0.005518778688086312,0.09026073320652955,-0.20067969288211016,-0.008930769729198453,0.03407729241015316,0.015477132824391579,-0.007542656299981626
2010-11,100.0,0.016034705780920522,0.07361911930010993,0.0664230704950973,-0.061279415438163995,-0.005040183646242027,0.09234403612185153,-0.1994328046692162,-0.009459085630043254,0.03587412850591411,0.01594033151897675,-0.008070128536275334
2010-12,100.0,0.014375123449219549,0.07493127374597626,0.06574634887974228,-0.057345079492070856,-0.00493065967892781,0.0921901307578488,-0.19492119888049803,-0.01021706394943478,0.038526133208835536,0.01608028596245898,-0.009749856639017172
2011-01,100.0,0.013754273969433158,0.07422316258669706,0.06573010139542146,-0.05710363705814868,-0.005180428814645662,0.09173886522857361,-0.1950954272409665,-0.009849481738393314,0.03865997368889723,0.015768145146422812,-0.010340100953531087
2011-02,100.0,0.013580216201096826,0.07427441820906246,0.06425938629005638,-0.0578979309813768,-0.006579238621458793,0.0918996178699841,-0.19773558367863742,-0.009090415489203287,0.037507391313616266,0.015521230678558345,-0.010590648207991708
2011-03,100.0,0.012808818674728085,0.07320741323112069,0.06465336806090412,-0.057295248545407816,-0.00567240672238568,0.09288231011387575,-0.19738151951195815,-0.009455217842384669,0.038708767912993707,0.014713395253628674,-0.010527204579509312
2011-04,100.0,0.012292040487275155,0.07344004852847817,0.0648020140803798,-0.05719632899272671,-0.005531757484259287,0.09287108246903782,-0.19821844105083225,-0.00928737760230099,0.0385042510935674,0.014129470690727721,-0.010260298064666397
2011-05,100.0,0.012229085359617338,0.07393234386195119,0.06433640344015207,-0.05628985207555108,-0.006154744553857351,0.09266602060833092,-0.19914894107669148,-0.007934280232895568,0.03691753031753971,0.01396234392058722,-0.010524188374535086
2011-06,100.0,0.011557386557529341,0.07330438323483782,0.06401690415549077,-0.055974540965355785,-0.004694193844993442,0.09224220276438078,-0.1987900854269968,-0.008888705674947595,0.03807832453356281,0.014152406440246386,-0.009464876143769452
2011-07,100.0,0.011601682195011113,0.07318261346202819,0.06424934797654251,-0.05549626955776259,-0.004846075125794516,0.09273559195449631,-0.19894975333086437,-0.008808648378352088,0.037476204145884776,0.014034206986667125,-0.009524718354536464
2011-08,100.0,0.011747742902221263,0.07353658579104301,0.06445387420362116,-0.05606535887383961,-0.004978712693393853,0.0927862074553621,-0.1989843392764449,-0.008946380436128073,0.038163314883335644,0.01397215043183366,-0.009600434719326426
2011-09,100.0,0.011024784695179734,0.07344533383030101,0.06357890700029858,-0.05529566228953692,-0.0044490029822241385,0.09574422481489567,-0.20013324280627384,-0.008110650287597394,0.04334388181755364,0.015007672017486075,-0.009501944462843456
2011-10,100.0,0.012715763658896512,0.06808697771549588,0.06225793118538699,-0.053979609172377534,-0.0035303706589769235,0.09699804233247711,-0.1996078618565561,-0.008857636598000098,0.033338524025827404,0.012796026377493363,-0.009108300549153982
2011-11,100.0,0.012729990118767832,0.06965473478664114,0.06096271965290132,-0.054505841097497974,-0.0033758879293409594,0.09690917126113381,-0.20000200657178627,-0.0089746845413043,0.03213131039859657,0.012721180926950395,-0.009187465805608686
2011-12,100.0,0.011099976787532885,0.06837600571483417,0.05480361764877572,-0.0493487773490693,-0.002801804880017157,0.09995731624454142,-0.199018139151921,-0.008656441573518865,0.03770954767379075,0.013065966319256833,-0.0108117775572255
2012-01,100.0,0.011651977412663318,0.06531881599353256,0.05516801005806222,-0.04677689922121914,-0.0025714994706742904,0.10037166520602234,-0.20017842483569456,-0.009317366795620296,0.03517628015692858,0.013179084318926166,-0.010623361895604571
2012-02,100.0,0.01154666016758768,0.06503941753673635,0.05483430247337847,-0.04673398000273192,-0.002649817793543509,0.10058599616971815,-0.20044890476849345,-0.009895246103811975,0.03446939454552581,0.012864740107600758,-0.010883274328787568
2012-03,100.0,0.008209443325498417,0.06423854876841546,0.052115746712411676,-0.04153801352568324,0.0019225369886697046,0.10115256115291398,-0.19866886711593157,-0.0019680464693471473,0.04061492505384473,0.011607531903223924,-0.009973785913138708
2012-04,100.0,0.006514633573802276,0.06774511873767361,0.05113748756162989,-0.04318749015357683,-0.0017691735848334913,0.10002816157529229,-0.19800638554080247,0.0033600668066309097,0.043616862748044126,0.01122488690611807,-0.008994879425459032
2012-05,100.0,0.005361203062099788,0.06971341548157435,0.05345466165382338,-0.04411848009442202,-0.002295214223874508,0.09851807200782245,-0.1971592106897861,0.006899034204537375,0.045759874448439666,0.011300755764790046,-0.008124619090554964
2012-06,100.0,0.006641198933761625,0.06840003278043037,0.05167671515750179,-0.04660027201527727,-0.005105023664270594,0.09820352776220073,-0.19847072478503508,0.0038882848150397138,0.04373327835074282,0.010870348338531833,-0.009182991804694677
2012-07,100.0,0.006530417457216373,0.06866986197719566,0.05148937774862349,-0.04642451460536726,-0.0052499753659646,0.09887873429711115,-0.19856881379869115,0.003619768546932518,0.043422001329086135,0.010907690048408681,-0.009028230658476119
2012-08,100.0,0.005478905783666908,0.06817925869573917,0.048941347686533285,-0.04427604218915334,-0.0057985716835011756,0.09944387438724397,-0.20013592560620472,0.005923453264807025,0.04740057373804094,0.012104262546679987,-0.008405667260259242
2012-09,100.0,0.0059134044742549935,0.06893942718176964,0.04867986578566881,-0.0450977673491109,-0.004835543918207843,0.10081321282641481,-0.20101261368739776,0.006504744410783556,0.049217544412181805,0.011596245730348129,-0.008358738251018304
2012-10,100.0,0.00576316436328652,0.06978321822125746,0.0500122185527769,-0.04551954465458101,-0.003590819944549199,0.09905955802916792,-0.2022105926492188,0.007396217184476416,0.05200123997510894,0.011871151186317373,-0.008249652656162908
2012-11,100.0,0.006968321484306083,0.06887018350172033,0.0488047711306002,-0.047778578407698946,-0.005801308680208814,0.10010955327280241,-0.19954639707840022,0.006068807173261469,0.04623181731881066,0.010765037069151688,-0.0074119088279114625
2012-12,100.0,0.0078111244470476255,0.07014202261627989,0.04836184211275606,-0.04821456942151556,-0.004513778773707919,0.09822544783038566,-0.1982843908395016,0.005352661382457516,0.044599119613475624,0.010681355181240781,-0.006573467460465812
2013-01,100.0,0.008212040606158658,0.07024637235552211,0.050295554085038816,-0.049423934701744936,-0.0041769049409469015,0.09935270586861736,-0.19718469220109364,0.004536104368340702,0.04334295129056771,0.01088904853276076,-0.006329579647764154
2013-02,100.0,0.007496339444233607,0.0681320518072961,0.05017056057239481,-0.051292477341950866,-0.0020469049748203486,0.09922095348544405,-0.19850392437421321,0.00531162712501005,0.04497082315069433,0.010195203597435795,-0.0066204856849007765
2013-03,100.0,0.006936611123431588,0.07144293661944805,0.04638154273055328,-0.05184133474756993,0.0006099253936492302,0.10332286684130194,-0.19801017007835947,0.0051332629546158495,0.047311739870805725,0.009465701078715442,-0.0063434563328785745
2013-04,100.0,0.007435758729724073,0.07241393308575177,0.04674880632300488,-0.052243087882115374,0.0008660921863971631,0.10350888609912114,-0.19844676387956384,0.005184626540382286,0.047737751430186,0.010056781280500356,-0.006577145793348106
2013-05,100.0,0.007935980790361641,0.07246712393523659,0.04522949915538899,-0.05334712636435576,0.0017967517954030298,0.10269134451442206,-0.19891160536442887,0.005413676941770245,0.046366361805619906,0.010275965014988458,-0.0074197001290498684
2013-06,100.0,0.007814907422126661,0.07312467712228295,0.04465829592573906,-0.056295520901425415,0.002027364899532411,0.10434844560784379,-0.19903644609468651,0.005769427974170826,0.044865393326931985,0.010019694372033117,-0.007624139784531003
2013-07,100.0,0.0074317890807688485,0.07288321495433003,0.044515332653850895,-0.05575296327405415,0.0014867681689104283,0.10495800374195859,-0.19918659665034102,0.005601710046253711,0.04492660713815529,0.01029665068242207,-0.007146404821345374
2013-08,100.0,0.00741879403493341,0.07317203322387174,0.04369641865897915,-0.05628367700863828,0.0024103871707843237,0.10582769879869537,-0.1992809304402303,0.00518553419241013,0.04587722069478277,0.010590618490884099,-0.007036239358976497
2013-09,100.0,0.008154024726739376,0.07267711424604706,0.043469033755974676,-0.05457063601255191,-0.00030348176996400106,0.10508697207896733,-0.1992127999407174,0.004921753889412285,0.044103873252088234,0.009387111935128022,-0.007093549805692437
2013-10,100.0,0.008263929560468192,0.07308599646452105,0.04351024359630394,-0.05437696223517439,-0.0004641332829354471,0.10517284227032986,-0.1993055932220467,0.005059815170590926,0.043747366119448024,0.009161830363012864,-0.006975399805143621
2013-11,100.0,0.00838512436859183,0.07278857974359088,0.04537488071346778,-0.05549858141029889,0.00037007335193546336,0.1071866423163215,-0.19901816770340625,0.004898605231818813,0.04164586217595841,0.008849945164178552,-0.006746297522558887
2013-12,100.0,0.00842762675898754,0.07335398791713735,0.04546817034109302,-0.05501191196559055,0.0013532143298469381,0.10692794818036544,-0.1988007879935112,0.0044387112930574,0.04121453280267534,0.00886062817021706,-0.00679062983809768
2014-01,100.0,0.007186040147876247,0.07324469142730083,0.042192230975528315,-0.055202606210707994,0.0012316736109237072,0.10468784572575428,-0.1997541809409213,0.006421740755981708,0.04366275593969591,0.008306542258601701,-0.007745047178043263
2014-02,100.0,0.008739634703810456,0.07054905609304682,0.043178914373688405,-0.051194407778876246,0.00020999463578173303,0.10198443992847114,-0.19868777736437873,0.0043365121294352766,0.041316953545506574,0.00975682281472525,-0.007164098871238744
2014-03,100.0,0.009423184308281816,0.07230364198038451,0.04194308544231369,-0.05077534723167543,0.0005869744164095219,0.09966753160298349,-0.19870019439361597,0.003661780295148366,0.04066884884473911,0.010540309369171,-0.007265402044625983
2014-04,100.0,0.009210421217963304,0.07290280752573892,0.04258178009890283,-0.051365964733790945,0.0006967440085023043,0.09930243044776647,-0.19934459009363645,0.003570079420537502,0.04060707380787399,0.010284038223694728,-0.0071567029228212726
2014-05,100.0,0.008951989061673844,0.07327560851134879,0.042725987875204846,-0.0516451484888044,0.0007310789114449664,0.09929505094895841,-0.19964560847239934,0.003788569394247824,0.04032215141621445,0.010122120388546908,-0.006957309509647984
2014-06,100.0,0.008143888380505284,0.07352547415444112,0.041988962227219734,-0.05242508924015314,0.0003098389449030728,0.0973943694845069,-0.1995389947416396,0.0040925622132553015,0.03954372676180076,0.010093577820440928,-0.006061242980621243
2014-07,100.0,0.00809224311289754,0.07440632488184477,0.041982018297358766,-0.05278377863844597,0.0013200664169048459,0.09762172278779033,-0.19959289948088976,0.0034749329895062127,0.03856727466253703,0.010128836699411808,-0.006026660078101047
2014-08,100.0,0.008406652486021949,0.07549686665503992,0.042829802571024075,-0.053222885926337775,-0.00020975691912180372,0.09811730872559163,-0.1998800001638132,0.0021284119041136427,0.03814066496766223,0.010109925429952885,-0.006126007964105267
2014-09,100.0,0.008390041292316974,0.0766395693261846,0.04348246372196661,-0.05234137504462031,-0.0009165536599953515,0.09763512301434228,-0.1996662163698691,0.0012129861637898416,0.03825712844876836,0.010461119332915778,-0.006173584138577134
2014-10,100.0,0.008691551268923351,0.07591100526396455,0.0426895474070009,-0.052949533363176635,-0.00041501065140951796,0.09825432177341924,-0.20037680075312136,0.0015953670578773452,0.03887031173633175,0.01009552215027503,-0.005844491623306777
2014-11,100.0,0.008316226581729981,0.07626797647638327,0.042291873141018316,-0.05321733946895198,-0.0005487097666552375,0.09843794286829936,-0.20080569958703623,0.0014873791126681552,0.03883325531948837,0.010337540107936515,-0.006293189933701202
2014-12,100.0,0.008269183569375728,0.07611491525509441,0.042408394680567035,-0.05306329883547092,-8.484127264415187e-05,0.09815396524708907,-0.20087151066627687,0.0013959371710931803,0.0389772224061016,0.010356339708647277,-0.006378510298589468
2015-01,100.0,0.009355180816861016,0.07594917479736961,0.04250647940699613,-0.05193176433983839,-0.0012308354809138801,0.09617226573479241,-0.20023031459925764,0.00040579881978629036,0.040478829935318955,0.011085557685387767,-0.00541192867296291
2015-02,100.0,0.009087209089427076,0.07521854024326421,0.04269147054766168,-0.052051962938343715,-0.0009126600695096419,0.0957268254822001,-0.2005339482885588,0.0007556863105374462,0.03984141061541641,0.010819567551919618,-0.005555310261392389
2015-03,100.0,0.008672579195035576,0.07543039347056434,0.041986456468886324,-0.0522344822954811,-0.000238252392279457,0.09506935795641226,-0.20139813168432238,0.0007958753087893861,0.03805893974795884,0.010178106739649875,-0.005637719166706567
2015-04,100.0,0.00872000698178794,0.0767235410038327,0.04213782029935176,-0.05316599805936245,-0.001218196937087679,0.0943734282703395,-0.2019679023200735,-0.0003309034453654445,0.03620253246616619,0.009836130632465823,-0.00564176760121564
2015-05,100.0,0.009039727321538595,0.0767149319618616,0.04197500653551495,-0.053476717895318646,-0.0011436887553131598,0.09445757137342345,-0.20228797656332095,0.00014462668178303445,0.03655398537129491,0.010119332416109614,-0.006070262468223793
2015-06,100.0,0.009216345072689872,0.07661183718462812,0.04216346834311858,-0.05329043453939204,-0.0007775635805268304,0.09459620234317238,-0.20261407475811397,8.068884739736422e-05,0.03612204816552689,0.010110229420650128,-0.006327547520118497
2015-07,100.0,0.009724405074202944,0.0765102792858294,0.04255703764155732,-0.05388615166648341,-0.00024243404422703523,0.09425022254066424,-0.20142095931241835,0.0009007129943154858,0.0362620574661317,0.009642607842894406,-0.007091295258266502
2015-08,100.0,0.010349389017235344,0.07742166342166704,0.04243787853344064,-0.05405912448171728,-0.000373756903662378,0.09341553396274929,-0.2002178715953083,0.0012744470231868521,0.03656055392373756,0.008860915096315532,-0.007501449325676165
2015-09,100.0,0.01034473168005611,0.07629445784534648,0.04120095674832416,-0.05344520054770065,0.001043492196321481,0.09468750051519213,-0.20368936363163032,0.0011640141833208434,0.03540304483391936,0.008790925953857234,-0.007719790461053969
2015-10,100.0,0.010540680193386743,0.07851558865310053,0.040273776539796975,-0.054899525346265264,0.00229240507523088,0.09317265984560784,-0.20704195292530145,0.0018815599995408872,0.034479766445380644,0.008267717651312775,-0.007651187924924238
2015-11,100.0,0.010688422863359496,0.08009973393610294,0.04576433984791026,-0.055030513723999835,0.002431982428311222,0.09127321674519735,-0.21272947276089707,0.003586235092574745,0.0337133376282538,0.007664836307089393,-0.007220233073308496
2015-12,100.0,0.011481721149346006,0.08521335263901879,0.04769863436086345,-0.05316105035142279,0.0016510183756813976,0.09162072664682212,-0.21789042298708372,0.002746512000623094,0.032849071150363646,0.0072490018898837974,-0.0064940987242228495
2016-01,100.0,0.012567005160408273,0.08093397770279118,0.04256783719750246,-0.05541106647192263,0.002726993315573434,0.09343804167147868,-0.21043192669063213,0.006446919053271379,0.03175167443436673,0.008849626199250369,-0.0042542574718266325
2016-02,100.0,0.013883059123456686,0.07806181029603505,0.045103228083591615,-0.0517344033044212,0.002645143022911288,0.09448399734650427,-0.21687635038471945,0.003083131746494646,0.03347762554634026,0.00922554060279183,-0.0038135128375629285
2016-03,100.0,0.014940975323862491,0.07766739226794754,0.045864569757568543,-0.0525948646101647,0.002044432118291854,0.09403901177250756,-0.21585994010503054,0.004071282983320908,0.03326526859724431,0.01092515562433016,-0.0037836986994360406
2016-04,100.0,0.016208593869852034,0.0781725958588026,0.045218700492568445,-0.052003305336554194,0.001355248063893879,0.09346308350020222,-0.21479884646230718,0.005232204261560531,0.03330231423348576,0.012720072156601389,-0.0047379065192230865
2016-05,100.0,0.016861576252214856,0.0784612891733149,0.0452894833663551,-0.05231564825327748,0.0012457506118710147,0.09348123189162298,-0.21499982547119997,0.005587467337498362,0.033149797175883226,0.013196373439953678,-0.0055355092096353396
2016-06,100.0,0.017388368906317123,0.07849978977524603,0.045232821094510864,-0.05233517904745018,0.002026065721657874,0.09336820049156508,-0.21532126368876792,0.005432156503673971,0.032874251697177746,0.013210423880988347,-0.006202445495715668
2016-07,100.0,0.01739915563627644,0.07898071951370071,0.04551674463378832,-0.05172142260580866,0.0007221585761226797,0.09316279186855306,-0.21544062423423796,0.004635906481501799,0.031040630293562792,0.01322463407425363,-0.006178314016598267
2016-08,100.0,0.017497769312427493,0.07945051703899479,0.045668107076822506,-0.051997571271863795,0.0009636429214128784,0.09302555404259372,-0.21532726307907019,0.004251314491781012,0.03113215537865724,0.013217301148871576,-0.00620526931238851
2016-09,100.0,0.017658265619633982,0.0796574051199512,0.044523501400251624,-0.05255179575892635,0.00022782943727063735,0.09138704471278825,-0.21654598512825368,0.006490655494277927,0.0326722991100953,0.012620367422120908,-0.005878700911130882
2016-10,100.0,0.01749849614906835,0.080841661105289,0.044288735875740136,-0.05361748047044582,-0.000518083562427267,0.08964419154849836,-0.2176281995107163,0.008404143790674397,0.03333076683395987,0.012489270350755024,-0.005518241339051918
2016-11,100.0,0.017395532917484288,0.08071772500209505,0.04348718737219984,-0.05368771045028093,-0.0004100170893848808,0.09134383492893204,-0.2178631732211063,0.008003387729611197,0.03332730517300581,0.012583180702576215,-0.005803456043244829
2016-12,100.0,0.017210186494582974,0.08114225425768361,0.04232526000617609,-0.05465281408887631,0.00017832083799631707,0.09477338755024427,-0.21690787199936995,0.007186158502749106,0.03331854842193577,0.012460046630373095,-0.006315691641074437
2017-01,100.0,0.016847638806906196,0.08053426507879781,0.042239564637563634,-0.05457973483512699,5.3520856313690653e-05,0.09425475449368237,-0.21699699795228977,0.007445461720324832,0.03325140783106441,0.012248368330290934,-0.006691907174750402
2017-02,100.0,0.016638816710758626,0.08564838479695487,0.034123214706364015,-0.056313357821358816,-0.00087032972645585,0.08772678808512238,-0.22212545791762442,0.014604987397321733,0.03950218013541597,0.014194173186207805,-0.005211298418699426
2017-03,100.0,0.016020792899722754,0.08437326426974619,0.03438273121242787,-0.05602212811965355,-0.0012622757453326038,0.08786078652667857,-0.2226489607625829,0.014056255088782697,0.03967421578487302,0.01318013525753895,-0.005239016656210888
2017-04,100.0,0.016077775805831286,0.08412789659534677,0.03919208446270526,-0.05640395286565937,0.00033964414128883307,0.08698520729492223,-0.2219242322230099,0.014078148453388256,0.039419070566996554,0.01337231546684451,-0.005403629329631954
2017-05,100.0,0.016183376569393067,0.08418068454639613,0.039348070216301226,-0.05735166995982527,0.00040848670139433845,0.0871313353120759,-0.2223719191253022,0.014467180313751642,0.039245884439189464,0.013461725475502617,-0.0055730692659394735
2017-06,100.0,0.0160942362701083,0.08444968165846038,0.038214987875604935,-0.0574516102248998,0.0016630175391474588,0.08738773261710937,-0.22279996612230907,0.014323795937201672,0.03925641533011031,0.013482385695032167,-0.0053544023131745265
2017-07,100.0,0.01651450965247451,0.08483773864347048,0.03843420937134775,-0.05805875196182517,0.001342944868974653,0.08824426148640949,-0.2231896274844643,0.01386957515945605,0.03917299481842201,0.013327951580646764,-0.005688581068408304
2017-08,100.0,0.016791383670949938,0.08504326583035357,0.038458714612522545,-0.058382207320542404,0.0019091762582885907,0.08814346124938119,-0.22309651458377153,0.013887807729117371,0.03947883825428024,0.013013555866285071,-0.005859642716228345
2017-09,100.0,0.016776743227411798,0.08485773960077655,0.039598055482212124,-0.0572470975346912,0.0017364901880662193,0.08646312345385238,-0.2237112891115879,0.011854204603872825,0.04008091072715901,0.01382835857096755,-0.005960981698602614
2017-10,100.0,0.016946825265561932,0.08794584957664357,0.03895835338012465,-0.05605159658923513,-0.0005767536812461697,0.0840792939848168,-0.22340586924384076,0.009049853127223837,0.04091710715518364,0.014465988419243523,-0.0063976382206157294
2017-11,100.0,0.017228814514073328,0.08639831383189384,0.037024597285272444,-0.05613818380191944,-0.0010996031006207225,0.08412070475159839,-0.22495923164639364,0.010662659580479579,0.041140286318667764,0.014122376141433635,-0.005652449237365124
2017-12,100.0,0.016721886763096647,0.08429420648657754,0.04008163795267557,-0.05358237184638166,0.0005051374297729833,0.08627817114722854,-0.22305582765584836,0.009250340447240839,0.04078743381815578,0.014098283383625761,-0.006694484573951374
2018-01,100.0,0.01611854561146508,0.08473565270557412,0.03926874845662269,-0.05217819129623698,0.0008160204604591096,0.08567662058990279,-0.2222222212241599,0.009121818361372828,0.04084028536452038,0.01368496590573063,-0.007370577144519761
2018-02,100.0,0.015848563485979652,0.0839202857180002,0.03717523837028374,-0.05124728095754434,0.0006656202138539345,0.08988816512582123,-0.22458469504299858,0.009533747201276525,0.04128856188448766,0.013502375258611253,-0.007575400466568492
2018-03,100.0,0.015402305974151187,0.08488183544728896,0.03672047823561204,-0.05248023929460861,-0.0007449259968045237,0.09001951211923083,-0.22604951147988103,0.010056834591943248,0.04183475124214054,0.013001816155734593,-0.007561979819360494
2018-04,100.0,0.014716578660036457,0.08528676197414681,0.03690276676450352,-0.052609341304431026,-0.0010025966782148377,0.09012664107459269,-0.22664598827704757,0.01013752318131307,0.04190108867652048,0.012192224052127483,-0.007118148043585851
2018-05,100.0,0.013648562202189744,0.08490739868574126,0.035666095075762856,-0.054433019420361405,-0.002183073008976937,0.09063256896397832,-0.22623452890030687,0.011990207326021112,0.04260892987799941,0.011800502879126963,-0.00613109812616963
2018-06,100.0,0.01327078874757187,0.08621999184739405,0.03505579810628969,-0.05553034150070935,-0.0006137270571439905,0.09116655551273663,-0.225626671597454,0.012486077432814524,0.04346388250764462,0.011921230400247666,-0.005650619392387976
2018-07,100.0,0.013278665152998366,0.08696216160228669,0.036042173132495005,-0.05602942392203622,-0.00047948770641876177,0.09197737834338673,-0.22531434908778947,0.012434741565694532,0.04398049000977578,0.012036937962455151,-0.005575015564672268
2018-08,100.0,0.013355322703938792,0.08764959293549417,0.036425492914691854,-0.05588422289341075,-0.00104105431312639,0.09184479628666915,-0.2252595900423095,0.011990573454875905,0.0446009101787831,0.012173232862054266,-0.0055016027363016745
2018-09,100.0,0.013809148449397995,0.0877530935086499,0.03615971477476957,-0.05608546967426969,-0.0007252205290029404,0.09160856610547183,-0.22515408607373352,0.012034354053045334,0.04445156168653781,0.011496708282150154,-0.005506786980923885
2018-10,100.0,0.013960142411108135,0.08771927654224558,0.03652203375135653,-0.05574909370758558,-0.0009047429046218282,0.09240488521901212,-0.22542063909264462,0.011802972372911304,0.04470004908070537,0.011438345571157742,-0.005457910621433399
2018-11,100.0,0.014005058685240095,0.08627169549940653,0.037610532462871556,-0.0565306384235096,-0.0029662633057787563,0.09404850477296259,-0.22425363375533724,0.01433940539174621,0.043988638834806706,0.010953748165658144,-0.0044535509466480435
2018-12,100.0,0.014281083916306943,0.08774993895537987,0.03724454724763207,-0.0561512412140777,-0.003254245396513768,0.09288981956061976,-0.22311994655060993,0.015037537927442335,0.04348079924703805,0.010942570310050921,-0.0037386386934782296
2019-01,100.0,0.01455468547727845,0.08697897587776537,0.03562986963009187,-0.05564997637207575,-0.0028495965828779614,0.09294616035770971,-0.22493295857862824,0.014308645539696154,0.044374340511881376,0.010937345958079726,-0.0037554568102646114
2019-02,100.0,0.015170188170502686,0.08723382679570561,0.03545226744886143,-0.05699114496913749,-0.0027012429991723464,0.09204313381741099,-0.22639107938999084,0.013069960313327005,0.04495149444121941,0.011169215525013211,-0.0036103709892604404
2019-03,100.0,0.01487018348289172,0.08566032583668735,0.0342211715000789,-0.05566071342869485,-0.0023285407920938263,0.0942908768059563,-0.2235197420654862,0.01771819460560454,0.04354129717866811,0.012486256318142151,-0.0036282967599912787
2019-04,100.0,0.014960413399965221,0.08582796305681191,0.034337536893008815,-0.05562271592895249,-0.0022664457697367892,0.09413131398333614,-0.22426722562135043,0.017620764501689107,0.04371638554216923,0.012522972285115968,-0.0036176949667579747
2019-05,100.0,0.014357263384487583,0.08566768229348512,0.03800054223333533,-0.05720138888243571,0.0015359750799048301,0.09202733135177966,-0.22001873186901144,0.022553784347088098,0.041699212583364745,0.012947571269362051,-0.004734349215607369
2019-06,100.0,0.01498472563278915,0.08458059617077676,0.03806578087727292,-0.0582486802236938,0.0015454242298318672,0.09267928690233569,-0.2215038113032,0.02097860912124072,0.04216481215685708,0.013019734913663974,-0.004945995426531786
2019-07,100.0,0.015257064354790672,0.0844161657515413,0.03866132921126928,-0.058052773156052145,0.00112315243698353,0.09292315045680216,-0.22113126011169393,0.021613972109376368,0.041989015475238374,0.012688660426911398,-0.0054596888054666195
2019-08,100.0,0.015843686819196085,0.08424957718407372,0.03963310801869433,-0.059686781178761694,0.002092248565036011,0.09333870903667779,-0.22207881328075277,0.019956962399024714,0.0422438142555082,0.01262729850026284,-0.005618944950274919
2019-09,100.0,0.016157722916103335,0.08592408824722765,0.038949661702847596,-0.058572424564553936,-0.00014821517072517948,0.09280630894303096,-0.22269829474365693,0.017697107856861426,0.04205567379451295,0.013065182007502275,-0.005768670161256651
2019-10,100.0,0.016508890301469573,0.08609749088980409,0.03922869229693627,-0.058527520739557345,-9.512990724349317e-05,0.09300847137057425,-0.22286164501675568,0.017767765442155057,0.04221876120185272,0.012665322589481092,-0.005514854776410753
2019-11,100.0,0.01629351105068295,0.08643923378529535,0.03871517904431986,-0.05885814320354928,-0.00014002361203123813,0.09341044007250855,-0.2233293414361546,0.017919192574467467,0.04221999009214583,0.012801997668080786,-0.005748343872991723
2019-12,100.0,0.016388788621363323,0.08566667559332489,0.039080971612880974,-0.056128052480947564,0.0012088612277680597,0.09273698887481802,-0.22403398452310505,0.015160824690474839,0.04353063381928719,0.012861916806787251,-0.006672180455611852
2020-01,100.0,0.01671654672834599,0.0847919045184053,0.03896611256374513,-0.055975995122605766,0.0010235064217004723,0.09226878254858921,-0.2241490093443032,0.015882380603275566,0.043387253724078485,0.013174472719326532,-0.006087895887964774
2020-02,100.0,0.01649641339870566,0.08462964000627891,0.03742356440663301,-0.0556222827841808,-0.00010469489487698245,0.09135065293464312,-0.22360629911234617,0.019881839635631938,0.043017457146835275,0.014062538907657948,-0.005441315089936737
2020-03,100.0,0.014843192342755065,0.08578614618627022,0.037142381883014455,-0.05826075684975354,-0.0027370706910929913,0.09382887025629519,-0.2213866196879914,0.02760948827435738,0.04135423194416757,0.01449838285126319,-0.005343550815717301
2020-04,100.0,0.011671023457880927,0.09044910616315181,0.03891345314276461,-0.05877477358920127,-0.0039398379945060355,0.09352794425704092,-0.20969141041204759,0.03993718035820146,0.03370013343192365,0.014854974552100466,-0.00629903777311785
2020-05,100.0,0.011392142135469897,0.08912311171260107,0.038394356280570495,-0.059254637576205575,-0.003990620744084759,0.09298235026938478,-0.21115285798730224,0.03937857896737514,0.03462330762273006,0.014558532494987664,-0.0055889777072606955
2020-06,100.0,0.011775076265980733,0.08924518194951542,0.037164152686056225,-0.059755736410066845,-0.0031762006508909203,0.09313153477120376,-0.21208045085679958,0.03899014746648214,0.035475706970560156,0.014653038900228526,-0.005779541076056666
2020-07,100.0,0.012394951676688696,0.0895805975106659,0.03744740244165828,-0.06134871901507805,-0.0033063236156050044,0.0934198001161803,-0.21270833075133996,0.03785652540055569,0.036290284740229654,0.014609421955123653,-0.006045997570018482
2020-08,100.0,0.012559918382624264,0.08979232540988595,0.03748079268640111,-0.061663361647995116,-0.00323239095410145,0.0931984272215011,-0.2127338631790971,0.037973854142335055,0.03642001728369692,0.014385902154559559,-0.00615774104747629
2020-09,100.0,0.012854401468633926,0.08969066876773664,0.03812880667294746,-0.06111692663922463,-0.004909173557997528,0.09488988368688453,-0.2127693051944769,0.03641016595533574,0.037718927365732555,0.01486889799123551,-0.006166385163350759
2020-10,100.0,0.013184580739872134,0.09197468213957469,0.037246223370907584,-0.06004629781337724,-0.010884416019943834,0.0949041918277338,-0.21227592286074992,0.033816232232194876,0.03998016243482,0.01574402020308372,-0.006505319764991052
2020-11,100.0,0.013238901151243643,0.09233806693469374,0.03682858015262415,-0.060290488268519654,-0.010983494602540268,0.0951661229724668,-0.2127084788040028,0.03382784457102653,0.03998107333251634,0.0157289047111709,-0.006481371793755354
2020-12,100.0,0.013187670839214481,0.09221466519188806,0.03657968120244852,-0.0602646157912497,-0.010634917799439387,0.09480268663752776,-0.213137311998801,0.033818226232353726,0.03999494349960774,0.015732616584963534,-0.006569410917702789
2021-01,100.0,0.011936046031291975,0.0921334062144414,0.03683305205968486,-0.05681265131179022,-0.008948625268355838,0.09472617689795884,-0.20929138161246233,0.03346580199517077,0.041293873156505755,0.014979308762003036,-0.007856412860032568
2021-02,100.0,0.012238273747596649,0.09056713298042725,0.03702258572089569,-0.05699961725492003,-0.00892721858787581,0.09531252127480375,-0.21110707530230302,0.03250146007316919,0.04033498939010205,0.015014237876747763,-0.00801538500814307
2021-03,100.0,0.012076211277589198,0.09106860671097096,0.03604452741535714,-0.05695892789275014,-0.009904478342761548,0.0963429997654882,-0.212254437193809,0.031837956709226706,0.040014705558009324,0.014551321531080493,-0.008137260826642375
2021-04,100.0,0.010679659492793269,0.09108798961356174,0.03551475657793807,-0.05593958498799825,-0.008816976073382214,0.09397610286488699,-0.21177857072677014,0.032690199269457286,0.0405247898235443,0.013155130918840663,-0.007230902627435903
2021-05,100.0,0.00993996611642434,0.0913557288825339,0.03489455204666296,-0.056922638431987714,-0.008773706974266422,0.09403254759444973,-0.21157806872715088,0.03429009538149419,0.04173896277980036,0.012967928463692817,-0.006496909527853817
2021-06,100.0,0.009921912133400422,0.09158849662936318,0.03474218298115578,-0.05720306442187526,-0.008409626246156737,0.09398532159232349,-0.21163896477225191,0.03442628713677217,0.04214057396701136,0.013015368527795895,-0.006422240103563472
2021-07,100.0,0.009878577650248068,0.09157857148016461,0.034163689922287035,-0.0569302170316884,-0.009385176620648528,0.09397753647715293,-0.2117860104470108,0.035162984916496165,0.04064875446271617,0.012645580034542863,-0.0068095325476588845
2021-08,100.0,0.010241249741196643,0.09133398567388198,0.034418407984984384,-0.056525435712564645,-0.010120298705979499,0.09384400877858169,-0.21219286607532525,0.03289387567753379,0.04287414192319393,0.013416258799549604,-0.0064718489741459224
2021-09,100.0,0.008790211533294408,0.08956839749811724,0.0359138472838,-0.05738700399309656,-0.007941692930104573,0.09172168011223446,-0.21127080514789054,0.03979969148826632,0.03844148584902539,0.011916740829713762,-0.006402114969417069
2021-10,100.0,0.006000451497300823,0.09571068249066236,0.029990984115718156,-0.055928978843290254,-0.008277468259450325,0.0845255761793776,-0.2090227841683499,0.05207912614113234,0.03151401785255464,0.00989362837885935,-0.00530618573835826
2021-11,100.0,0.004883582027650818,0.0981613197593375,0.03096092268074521,-0.05681142805571372,-0.008938884569635038,0.08434863472566115,-0.20866423006058504,0.05371567623375464,0.03034882453839157,0.010167611875696975,-0.0058521246440146986
2021-12,100.0,0.003674275497248673,0.10021309651663986,0.03773059163423268,-0.05458887665118656,-0.010287345989337728,0.08484170620605357,-0.2063937231438114,0.05665649820455406,0.024124769866384715,0.009859943709583405,-0.005551347568491484
2022-01,100.0,0.0031743521490833998,0.10384400487386597,0.038677289318520235,-0.049370511837699534,-0.009352313414592575,0.08304723611846888,-0.20479667227215795,0.05779019137747715,0.019410778574976115,0.009979639382763576,-0.005380498358938757
2022-02,100.0,0.0025190000915605157,0.10173028995231644,0.03574706442560305,-0.05064195250034869,-0.0081813009346912,0.0814737842102975,-0.2053265141539428,0.057508408837683184,0.02383895632397398,0.008849534335613862,-0.005915778273052578
2022-03,100.0,0.0024075261676285977,0.10149180651655712,0.036032645563658705,-0.05065404563620045,-0.008223775670478975,0.08162815605608545,-0.20575883198936074,0.05764186384373617,0.023722441006009665,0.008728996870704248,-0.005936780053177252
2022-04,100.0,0.0027462378132217416,0.10146683243514014,0.038234126792970745,-0.05379756130632555,-0.01428076668278992,0.08126529402012343,-0.20535576246464082,0.05547718398850692,0.027402311950594276,0.008235817303366304,-0.005008200760228967
2022-05,100.0,0.003000364842039195,0.10379670492766112,0.03770272195915014,-0.052459097168512166,-0.015671873953118205,0.08171888474885594,-0.20429057104462192,0.053714710216583375,0.029406053330814617,0.008197885488146168,-0.004234876989044468
2022-06,100.0,0.0028431127942495985,0.1017093478594547,0.03521843184319706,-0.051990280540774265,-0.01258215558472218,0.08184741090612037,-0.20599056001125998,0.055048713773721496,0.026690386108593527,0.007798877855054719,-0.005276731267037562
2022-07,100.0,0.0023100451449511324,0.09974839733155123,0.03697825585466428,-0.04944280440777433,-0.014543902324430763,0.08126988077034915,-0.20498448415717252,0.054710972965752384,0.0298349146124635,0.0089411950732484,-0.0038172671942862738
2022-08,100.0,0.0022373536356864927,0.10141447061843284,0.034831830582562444,-0.047492478577947736,-0.012949423705856111,0.0819631955802177,-0.20404124454163464,0.05388880941644127,0.032769252750696705,0.010101171778700263,-0.003239148781882002
2022-09,100.0,0.0024417818397696476,0.10355468926741639,0.036472805637378244,-0.049790158411891675,-0.012961121810191075,0.07896528785144645,-0.203291181043766,0.05262509656480116,0.03584474851765556,0.011206615976298833,-0.0032001598973421226
2022-10,100.0,0.0023101645236994852,0.10634523491826771,0.03852791659566934,-0.048413668521243874,-0.00991829355279168,0.07273617921259236,-0.2013157669352266,0.051312650514275734,0.03955307082042132,0.012621393229056251,-0.0037524297770542177
2022-11,100.0,0.0018836581234854786,0.0984016145793717,0.03597700214044,-0.05054915406578768,-0.014199873184375818,0.07573995957834258,-0.20442381556957512,0.054215062229511786,0.033787554633052934,0.01149632287435136,-0.0026485497692006104
2022-12,100.0,0.000855077599838782,0.09921116883711514,0.03558339135096614,-0.050849996414611735,-0.013710802397359277,0.07615487981875874,-0.20464520015906001,0.05442442223434085,0.033516659486982806,0.011515076948804602,-0.0038884662557951135
2023-01,100.0,0.0004563985153219034,0.09864898404085645,0.02894909999516956,-0.04730254884335659,-0.012267526442235598,0.07295681010430898,-0.20399070509854975,0.052437639896753804,0.03650671676528869,0.010741083381669106,-0.005504160333395955
2023-02,100.0,0.000720508885155742,0.09815619889714364,0.029111409552530405,-0.04730350188742831,-0.012276454432345988,0.07282179658183013,-0.20427433520770968,0.052379689491748364,0.036435293547646,0.011025792945552748,-0.00534342256843534
2023-03,100.0,0.00010946711994981075,0.0979057040210471,0.027321510530421995,-0.04616631229552783,-0.014236092466837887,0.07319152892858569,-0.20508604064621805,0.054717073623530836,0.03495293635053755,0.011249687333440393,-0.005445267151162603
2023-04,100.0,2.391607486670628e-05,0.09745903267920995,0.027523348114945268,-0.04554601262647937,-0.013541907925575872,0.07400711145690184,-0.20542244993104958,0.05410283340080136,0.035689538808948706,0.010877104855181969,-0.005125447164461733
2023-05,100.0,-0.00011298021500654332,0.09685414023534075,0.029516678777498615,-0.04593777775587936,-0.00917152666356007,0.07268397759476673,-0.20420724591177544,0.0547417717812659,0.033175039159455924,0.010973008398569484,-0.005983616216100658
2023-06,100.0,0.0001982857543984303,0.09591579577242507,0.029936606998416604,-0.04724589398003436,-0.009736791024747561,0.07123496551677651,-0.20612201323394724,0.05435073245711672,0.036253075894676155,0.011311933709205685,-0.005298013843112674
2023-07,100.0,0.0009242765730138854,0.0964054212306349,0.02926378865692246,-0.04686557152462653,-0.009179873493910121,0.07202412007741524,-0.20743265104346648,0.05360729569858823,0.038300980634955635,0.011444156326280186,-0.00539640100430325
2023-08,100.0,0.0014897124080878454,0.09657913019522445,0.02912543854917994,-0.046881624613781585,-0.009163678340195571,0.07176906168880169,-0.20690024901457996,0.05375529331221425,0.03786839219922844,0.010585311117829316,-0.005898670581364406
2023-09,100.0,0.0025082114322388534,0.0964511203155764,0.029440765001377312,-0.04634864781504946,-0.009969905042662376,0.0728525285626997,-0.20892476453682882,0.05318231263712052,0.040179584641005246,0.010227165396052364,-0.005834742769607486
2023-10,100.0,0.0032070862214424473,0.09659205900675441,0.029654251683326967,-0.046220152149599056,-0.009999890519175051,0.07272802084206167,-0.20884216176104153,0.05338585825889869,0.040155863058997814,0.00931507121470774,-0.005321887711490716
2023-11,100.0,0.005345303680064606,0.09679045492510675,0.03211535420727948,-0.0457105574462519,-0.011573172244082816,0.06481868980819344,-0.2152528853428337,0.05079713451701224,0.047514769484232756,0.009736852105675774,-0.005188418479394422
2023-12,100.0,0.0067947234122012375,0.09825284459097146,0.03206246554210948,-0.045116190224438746,-0.011072883123127025,0.06400024353224514,-0.21805762691540717,0.050161813283476867,0.05028694775599692,0.009796862182913523,-0.004071106378207851
2024-01,100.0,0.006508481263319391,0.09689677178531626,0.029000135658312925,-0.044841989491992904,-0.01267517572870802,0.062054130606015764,-0.2124519227394015,0.05333620002694121,0.04581744342976409,0.0106548741783174,-0.002492861392369173
2024-02,100.0,0.007472404893380903,0.0962010432556765,0.029346107133341192,-0.044480978512962455,-0.012610622232542352,0.06210337306202216,-0.21354248826756905,0.05232655744751923,0.04630804880476285,0.011312178335010832,-0.0020832509722403655
2024-03,100.0,0.005744836010402968,0.0956440253119544,0.03108106272483718,-0.0462875824266624,-0.01411354209522993,0.06382153139849628,-0.20832111029582065,0.05912064582404739,0.04311361611209104,0.01245308247589454,-0.002177783165447106
2024-04,100.0,0.006421418506956827,0.09576518251373288,0.031174320301771145,-0.046474160740675945,-0.014135336071945915,0.06380514418022985,-0.20904608652692702,0.05889155474913657,0.04337955877557082,0.013104223894815307,-0.0024886307650735747
2024-05,100.0,0.009833280829691017,0.09613731798084363,0.029095345837377065,-0.04511157145509278,-0.010420090425591605,0.06200245060839135,-0.21339830390494466,0.04885584479577444,0.04659791045409541,0.013393745399748129,-0.002298762360419355
2024-06,100.0,0.011905707957589353,0.09746564141186348,0.029408259071411,-0.04601373181961588,-0.009338525303769545,0.06250978331441841,-0.21491869395674165,0.04449060650613233,0.04804889029612648,0.013641771135793292,-0.0030398444151873696
2024-07,100.0,0.012096225901782023,0.09727409694974555,0.02905287025105649,-0.04583493109503401,-0.009366097540867674,0.06282196360963645,-0.21462429169995373,0.04553814686119327,0.04738607969257933,0.013131108313673581,-0.0038170919779476906
2024-08,100.0,0.012787871841676388,0.09744311546070014,0.029501934389792404,-0.04542720037675939,-0.008973259680154005,0.06289179208251018,-0.21499559796813228,0.04444396583973796,0.04873372600291322,0.013180115703077486,-0.0038560243905892237
2024-09,100.0,0.014079935011688794,0.09758966349090711,0.029183633392715767,-0.043703675556887776,-0.010071184331651988,0.06428323940857755,-0.2166383364845594,0.04279328403836472,0.052741157426743304,0.013731276354218079,-0.003748190386108046
2024-10,100.0,0.014892209063538709,0.09916570033387784,0.029485643726333395,-0.043746598263393784,-0.009506221178074975,0.06458795291602618,-0.2170395994623909,0.042207313381622626,0.05503399580555273,0.013738298962707642,-0.0035986160721337293
2024-11,100.0,0.015573808110156812,0.09975216991098111,0.03034566142395451,-0.04363861971580513,-0.008186180571037732,0.06597282166185175,-0.21726718517683613,0.042040107683783697,0.05662740414928972,0.013599724899922897,-0.0031558896125378397
2024-12,100.0,0.015975488121516595,0.09964684310937932,0.030537568332731697,-0.04334301707369141,-0.0076339362546834115,0.06605903984095497,-0.21743805707154118,0.04197206263082308,0.05693336063384445,0.013600865012305001,-0.002697509082739557
2025-01,100.0,0.015829074190544152,0.09900648947786582,0.030143204266284477,-0.043441677449030956,-0.00788754618256904,0.065917890186912,-0.2175308087906698,0.04235829912944475,0.05613346538440508,0.013652432215017692,-0.002604764000664627
2025-02,100.0,0.014968018986756417,0.10075397111091379,0.029217048010019758,-0.04539502990672562,-0.009169229135250532,0.06457876006441551,-0.21679707661956535,0.04361457626415655,0.05163954485083525,0.0141157730734954,-0.0026425689593808062
2025-03,100.0,0.014394368899787315,0.10113743117030807,0.029264646371329056,-0.04568064637811441,-0.0098165873891007,0.0648304076824496,-0.2171414178032957,0.043972820907719666,0.051426913610228456,0.013509279549756762,-0.0026810954641125337
2025-04,100.0,0.014599449192005641,0.10021060838259774,0.02591332629653571,-0.04547363802894643,-0.007667852979672201,0.06582185786230098,-0.21703761524033593,0.04233536481679285,0.053276364214026345,0.01276995135128926,-0.002014537546090832
2025-05,100.0,0.015116820734797809,0.10134852573531626,0.025510029640576345,-0.04707554955541131,-0.0070226991948730165,0.06708608683237147,-0.21738352788698825,0.04222560275006698,0.05414280100521542,0.013045673697235086,-0.00219243976554312
2025-06,100.0,0.015517192771012552,0.10109417925695935,0.024879160857806355,-0.04689483626044748,-0.0067376696057526225,0.06662684564800225,-0.21754029636854036,0.04221837204151641,0.053823161416250744,0.013009011428548562,-0.0029057338527919336
2025-07,100.0,0.015611087027368777,0.10102589402214365,0.025330486802903385,-0.04610212743535293,-0.006945508065584593,0.0671129717533396,-0.21761946246702735,0.04205825222873538,0.05435113478932978,0.013156052454146248,-0.0027471635184415904
2025-08,100.0,0.015764452292772246,0.10113654625862216,0.02553706257009242,-0.046718332221521566,-0.006241216725405745,0.06694917950094821,-0.21734318529003563,0.04189218615464998,0.053783553580212994,0.012769663464997716,-0.0029938576529387573
